s0914007,,,,,,,,,,,,,,,,,,,,,,,,,,,,,,,,,,,,,,,,,,,,,,,,,,,,,,,,,,,,,,,,,,,,,,,,,,,,,,,,,,,,,,,,,,,,,,,,,,,
Conquer the continents of NORTH AMERICA and AFRICA.,Turn 1,Turn 2,Turn 3,Turn 4,Turn 5,Turn 6,Turn 7,Turn 8,Turn 9,Turn 10,Turn 11,Turn 12,Turn 13,Turn 14,Turn 15,Turn 16,Turn 17,Turn 18,Turn 19,Turn 20,Turn 21,Turn 22,Turn 23,Turn 24,Turn 25,Turn 26,Turn 27,Turn 28,Turn 29,Turn 30,Turn 31,Turn 32,Turn 33,Turn 34,Turn 35,Turn 36,Turn 37,Turn 38,Turn 39,Turn 40,Turn 41,Turn 42,Turn 43,Turn 44,Turn 45,Turn 46,Turn 47,Turn 48,Turn 49,Turn 50,Turn 51,Turn 52,Turn 53,Turn 54,Turn 55,Turn 56,Turn 57,Turn 58,Turn 59,Turn 60,Turn 61,Turn 62,Turn 63,Turn 64,Turn 65,Turn 66,Turn 67,Turn 68,Turn 69,Turn 70,Turn 71,Turn 72,Turn 73,Turn 74,Turn 75,Turn 76,Turn 77,Turn 78,Turn 79,Turn 80,Turn 81,Turn 82,Turn 83,Turn 84,Turn 85,Turn 86,Turn 87,Turn 88,Turn 89,Turn 90,Turn 91,Turn 92,Turn 93,Turn 94,Turn 95,Turn 96,Turn 97,Turn 98,Turn 99
Occupy-Europe-Australia-Asia,0.083333333,0.083333333,0.083333333,0.083333333,0.083333333,0.082770271,0.082770271,0.082770271,0.082770271,0.082770271,0.082770271,0.082203507,0.082203507,0.082203507,0.082203507,0.082203507,0.082203507,0.081633122,0.081633122,0.081633122,0.081633122,0.081633122,0.081633122,0.081059199,0.081059199,0.081059199,0.081059199,0.081059199,0.081059199,0.080481822,0.080481822,0.080481822,0.080481822,0.080481822,0.080481822,0.079942647,0.079942647,0.079942647,0.079942647,0.079942647,0.079942647,0.079399865,0.079399865,0.079399865,0.079399865,0.079399865,0.079399865,0.078853551,0.078853551,0.078853551,0.078853551,0.078853551,0.078853551,0.078287341,0.078287341,0.078287341,0.078287341,0.078287341,0.078287341,0.077742455,0.077742455,0.077742455,0.077742455,0.077742455,0.077742455,0.077177906,0.077177906,0.077177906,0.077177906,0.077177906,0.077177906,0.076610225,0.076610225,0.076610225,0.076610225,0.076610225,0.076610225,0.076039504,0.074379465,0.074379465,0.073342112,0.072066915,0.071513892,0.051452629,0.051925077,0.051925077,0.051925077,0.052508658,0.052508658,0.050469049,0.049977713,0.049977713,0.049977713,0.049977713,0.049977713,0.044041296,0.044050914,0.044050914,0.044050914
Occupy-Europe-South-America-North-America,0.083333333,0.083333333,0.083333333,0.083333333,0.083333333,0.084459458,0.084459458,0.084459458,0.084459458,0.084459458,0.084459458,0.085592986,0.085592986,0.085592986,0.085592986,0.085592986,0.085592986,0.086733756,0.086733756,0.086733756,0.086733756,0.086733756,0.086733756,0.087881603,0.087881603,0.087881603,0.087881603,0.087881603,0.087881603,0.089036356,0.089036356,0.089036356,0.089036356,0.089036356,0.089036356,0.088439872,0.088439872,0.088439872,0.088439872,0.088439872,0.088439872,0.087839397,0.087839397,0.087839397,0.087839397,0.087839397,0.087839397,0.087235014,0.087235014,0.087235014,0.087235014,0.087235014,0.087235014,0.088376142,0.088376142,0.088376142,0.088376142,0.088376142,0.088376142,0.087761037,0.087761037,0.087761037,0.087761037,0.087761037,0.087761037,0.088901769,0.088901769,0.088901769,0.088901769,0.088901769,0.088901769,0.090048828,0.090048828,0.090048828,0.090048828,0.090048828,0.090048828,0.091202033,0.092815097,0.092815097,0.093388392,0.093637398,0.094777223,0.05750702,0.056874361,0.056874361,0.056874361,0.057513566,0.057513566,0.062304548,0.062931947,0.062931947,0.062931947,0.062931947,0.062931947,0.064898424,0.064886631,0.064886631,0.064886631
Occupy-Asia-Africa,0.083333333,0.083333333,0.083333333,0.083333333,0.083333333,0.082770271,0.082770271,0.082770271,0.082770271,0.082770271,0.082770271,0.082203507,0.082203507,0.082203507,0.082203507,0.082203507,0.082203507,0.081633122,0.081633122,0.081633122,0.081633122,0.081633122,0.081633122,0.081059199,0.081059199,0.081059199,0.081059199,0.081059199,0.081059199,0.080481822,0.080481822,0.080481822,0.080481822,0.080481822,0.080481822,0.081574128,0.081574128,0.081574128,0.081574128,0.081574128,0.081574128,0.082673742,0.082673742,0.082673742,0.082673742,0.082673742,0.082673742,0.083780511,0.083780511,0.083780511,0.083780511,0.083780511,0.083780511,0.083178923,0.083178923,0.083178923,0.083178923,0.083178923,0.083178923,0.084285703,0.084285703,0.084285703,0.084285703,0.084285703,0.084285703,0.083673638,0.083673638,0.083673638,0.083673638,0.083673638,0.083673638,0.083058179,0.083058179,0.083058179,0.083058179,0.083058179,0.083058179,0.082439422,0.082285371,0.082285371,0.081137756,0.083014383,0.082377352,0.137392939,0.138654508,0.138654508,0.138654508,0.137353615,0.137353615,0.126737611,0.12550377,0.12550377,0.12550377,0.12550377,0.12550377,0.11471825,0.114743301,0.114743301,0.114743301
Occupy-Europe-South-America-Africa,0.083333333,0.083333333,0.083333333,0.083333333,0.083333333,0.082770271,0.082770271,0.082770271,0.082770271,0.082770271,0.082770271,0.082203507,0.082203507,0.082203507,0.082203507,0.082203507,0.082203507,0.081633122,0.081633122,0.081633122,0.081633122,0.081633122,0.081633122,0.081059199,0.081059199,0.081059199,0.081059199,0.081059199,0.081059199,0.080481822,0.080481822,0.080481822,0.080481822,0.080481822,0.080481822,0.081574128,0.081574128,0.081574128,0.081574128,0.081574128,0.081574128,0.082673742,0.082673742,0.082673742,0.082673742,0.082673742,0.082673742,0.083780511,0.083780511,0.083780511,0.083780511,0.083780511,0.083780511,0.083178923,0.083178923,0.083178923,0.083178923,0.083178923,0.083178923,0.084285703,0.084285703,0.084285703,0.084285703,0.084285703,0.084285703,0.083673638,0.083673638,0.083673638,0.083673638,0.083673638,0.083673638,0.083058179,0.083058179,0.083058179,0.083058179,0.083058179,0.083058179,0.082439422,0.080639665,0.080639665,0.081137756,0.081354097,0.080729806,0.080495816,0.081234944,0.081234944,0.081234944,0.080472777,0.080472777,0.071964231,0.071263631,0.071263631,0.071263631,0.071263631,0.071263631,0.06513939,0.065153614,0.065153614,0.065153614
Occupy-Europe-Australia-South-America,0.083333333,0.083333333,0.083333333,0.083333333,0.083333333,0.082770271,0.082770271,0.082770271,0.082770271,0.082770271,0.082770271,0.082203507,0.082203507,0.082203507,0.082203507,0.082203507,0.082203507,0.081633122,0.081633122,0.081633122,0.081633122,0.081633122,0.081633122,0.081059199,0.081059199,0.081059199,0.081059199,0.081059199,0.081059199,0.080481822,0.080481822,0.080481822,0.080481822,0.080481822,0.080481822,0.079942647,0.079942647,0.079942647,0.079942647,0.079942647,0.079942647,0.079399865,0.079399865,0.079399865,0.079399865,0.079399865,0.079399865,0.078853551,0.078853551,0.078853551,0.078853551,0.078853551,0.078853551,0.078287341,0.078287341,0.078287341,0.078287341,0.078287341,0.078287341,0.077742455,0.077742455,0.077742455,0.077742455,0.077742455,0.077742455,0.077177906,0.077177906,0.077177906,0.077177906,0.077177906,0.077177906,0.076610225,0.076610225,0.076610225,0.076610225,0.076610225,0.076610225,0.076039504,0.074379465,0.074379465,0.074838888,0.073537667,0.072973358,0.039548564,0.039911707,0.039911707,0.039911707,0.040360271,0.040360271,0.037636527,0.03727012,0.03727012,0.03727012,0.03727012,0.03727012,0.032843128,0.0328503,0.0328503,0.0328503
Occupy-Europe-South-America-Australia,0.083333333,0.083333333,0.083333333,0.083333333,0.083333333,0.082770271,0.082770271,0.082770271,0.082770271,0.082770271,0.082770271,0.082203507,0.082203507,0.082203507,0.082203507,0.082203507,0.082203507,0.081633122,0.081633122,0.081633122,0.081633122,0.081633122,0.081633122,0.081059199,0.081059199,0.081059199,0.081059199,0.081059199,0.081059199,0.080481822,0.080481822,0.080481822,0.080481822,0.080481822,0.080481822,0.079942647,0.079942647,0.079942647,0.079942647,0.079942647,0.079942647,0.079399865,0.079399865,0.079399865,0.079399865,0.079399865,0.079399865,0.078853551,0.078853551,0.078853551,0.078853551,0.078853551,0.078853551,0.078287341,0.078287341,0.078287341,0.078287341,0.078287341,0.078287341,0.077742455,0.077742455,0.077742455,0.077742455,0.077742455,0.077742455,0.077177906,0.077177906,0.077177906,0.077177906,0.077177906,0.077177906,0.076610225,0.076610225,0.076610225,0.076610225,0.076610225,0.076610225,0.076039504,0.074379465,0.074379465,0.074838888,0.073537667,0.072973358,0.039548564,0.039911707,0.039911707,0.039911707,0.040360271,0.040360271,0.037636527,0.03727012,0.03727012,0.03727012,0.03727012,0.03727012,0.032843128,0.0328503,0.0328503,0.0328503
Occupy-Europe-Australia-North-America,0.083333333,0.083333333,0.083333333,0.083333333,0.083333333,0.084459458,0.084459458,0.084459458,0.084459458,0.084459458,0.084459458,0.085592986,0.085592986,0.085592986,0.085592986,0.085592986,0.085592986,0.086733756,0.086733756,0.086733756,0.086733756,0.086733756,0.086733756,0.087881603,0.087881603,0.087881603,0.087881603,0.087881603,0.087881603,0.089036356,0.089036356,0.089036356,0.089036356,0.089036356,0.089036356,0.088439872,0.088439872,0.088439872,0.088439872,0.088439872,0.088439872,0.087839397,0.087839397,0.087839397,0.087839397,0.087839397,0.087839397,0.087235014,0.087235014,0.087235014,0.087235014,0.087235014,0.087235014,0.088376142,0.088376142,0.088376142,0.088376142,0.088376142,0.088376142,0.087761037,0.087761037,0.087761037,0.087761037,0.087761037,0.087761037,0.088901769,0.088901769,0.088901769,0.088901769,0.088901769,0.088901769,0.090048828,0.090048828,0.090048828,0.090048828,0.090048828,0.090048828,0.091202033,0.092815097,0.092815097,0.093388392,0.091764652,0.092881681,0.076832581,0.075987313,0.075987313,0.075987313,0.076841327,0.076841327,0.085674956,0.086537693,0.086537693,0.086537693,0.086537693,0.086537693,0.093761744,0.093744705,0.093744705,0.093744705
Occupy-North-America-Australia,0.083333333,0.083333333,0.083333333,0.083333333,0.083333333,0.084459458,0.084459458,0.084459458,0.084459458,0.084459458,0.084459458,0.085592986,0.085592986,0.085592986,0.085592986,0.085592986,0.085592986,0.086733756,0.086733756,0.086733756,0.086733756,0.086733756,0.086733756,0.087881603,0.087881603,0.087881603,0.087881603,0.087881603,0.087881603,0.089036356,0.089036356,0.089036356,0.089036356,0.089036356,0.089036356,0.088439872,0.088439872,0.088439872,0.088439872,0.088439872,0.088439872,0.087839397,0.087839397,0.087839397,0.087839397,0.087839397,0.087839397,0.087235014,0.087235014,0.087235014,0.087235014,0.087235014,0.087235014,0.088376142,0.088376142,0.088376142,0.088376142,0.088376142,0.088376142,0.087761037,0.087761037,0.087761037,0.087761037,0.087761037,0.087761037,0.088901769,0.088901769,0.088901769,0.088901769,0.088901769,0.088901769,0.090048828,0.090048828,0.090048828,0.090048828,0.090048828,0.090048828,0.091202033,0.09470928,0.09470928,0.095294276,0.095548363,0.096711451,0.100919704,0.099809443,0.099809443,0.099809443,0.100931192,0.100931192,0.112534176,0.113667382,0.113667382,0.113667382,0.113667382,0.113667382,0.123156183,0.123133803,0.123133803,0.123133803
Occupy-Europe-Australia-Africa,0.083333333,0.083333333,0.083333333,0.083333333,0.083333333,0.082770271,0.082770271,0.082770271,0.082770271,0.082770271,0.082770271,0.082203507,0.082203507,0.082203507,0.082203507,0.082203507,0.082203507,0.081633122,0.081633122,0.081633122,0.081633122,0.081633122,0.081633122,0.081059199,0.081059199,0.081059199,0.081059199,0.081059199,0.081059199,0.080481822,0.080481822,0.080481822,0.080481822,0.080481822,0.080481822,0.081574128,0.081574128,0.081574128,0.081574128,0.081574128,0.081574128,0.082673742,0.082673742,0.082673742,0.082673742,0.082673742,0.082673742,0.083780511,0.083780511,0.083780511,0.083780511,0.083780511,0.083780511,0.083178923,0.083178923,0.083178923,0.083178923,0.083178923,0.083178923,0.084285703,0.084285703,0.084285703,0.084285703,0.084285703,0.084285703,0.083673638,0.083673638,0.083673638,0.083673638,0.083673638,0.083673638,0.083058179,0.083058179,0.083058179,0.083058179,0.083058179,0.083058179,0.082439422,0.080639665,0.080639665,0.081137756,0.079727017,0.079115212,0.106890099,0.107871584,0.107871584,0.107871584,0.106859505,0.106859505,0.098600378,0.097640464,0.097640464,0.097640464,0.097640464,0.097640464,0.093825565,0.093846054,0.093846054,0.093846054
Occupy-Asia-South-America,0.083333333,0.083333333,0.083333333,0.083333333,0.083333333,0.082770271,0.082770271,0.082770271,0.082770271,0.082770271,0.082770271,0.082203507,0.082203507,0.082203507,0.082203507,0.082203507,0.082203507,0.081633122,0.081633122,0.081633122,0.081633122,0.081633122,0.081633122,0.081059199,0.081059199,0.081059199,0.081059199,0.081059199,0.081059199,0.080481822,0.080481822,0.080481822,0.080481822,0.080481822,0.080481822,0.079942647,0.079942647,0.079942647,0.079942647,0.079942647,0.079942647,0.079399865,0.079399865,0.079399865,0.079399865,0.079399865,0.079399865,0.078853551,0.078853551,0.078853551,0.078853551,0.078853551,0.078853551,0.078287341,0.078287341,0.078287341,0.078287341,0.078287341,0.078287341,0.077742455,0.077742455,0.077742455,0.077742455,0.077742455,0.077742455,0.077177906,0.077177906,0.077177906,0.077177906,0.077177906,0.077177906,0.076610225,0.076610225,0.076610225,0.076610225,0.076610225,0.076610225,0.076039504,0.075897412,0.075897412,0.074838888,0.07656983,0.075982252,0.051452626,0.051925074,0.051925074,0.051925074,0.052508655,0.052508655,0.048965068,0.048488374,0.048488374,0.048488374,0.048488374,0.048488374,0.040588456,0.04059732,0.04059732,0.04059732
Occupy-Europe-South-America-Asia,0.083333333,0.083333333,0.083333333,0.083333333,0.083333333,0.082770271,0.082770271,0.082770271,0.082770271,0.082770271,0.082770271,0.082203507,0.082203507,0.082203507,0.082203507,0.082203507,0.082203507,0.081633122,0.081633122,0.081633122,0.081633122,0.081633122,0.081633122,0.081059199,0.081059199,0.081059199,0.081059199,0.081059199,0.081059199,0.080481822,0.080481822,0.080481822,0.080481822,0.080481822,0.080481822,0.079942647,0.079942647,0.079942647,0.079942647,0.079942647,0.079942647,0.079399865,0.079399865,0.079399865,0.079399865,0.079399865,0.079399865,0.078853551,0.078853551,0.078853551,0.078853551,0.078853551,0.078853551,0.078287341,0.078287341,0.078287341,0.078287341,0.078287341,0.078287341,0.077742455,0.077742455,0.077742455,0.077742455,0.077742455,0.077742455,0.077177906,0.077177906,0.077177906,0.077177906,0.077177906,0.077177906,0.076610225,0.076610225,0.076610225,0.076610225,0.076610225,0.076610225,0.076039504,0.074379465,0.074379465,0.073342112,0.073537667,0.072973358,0.038285804,0.038637352,0.038637352,0.038637352,0.039071594,0.039071594,0.036434817,0.03608011,0.03608011,0.03608011,0.03608011,0.03608011,0.030201796,0.030208391,0.030208391,0.030208391
Occupy-North-America-Africa,0.083333333,0.083333333,0.083333333,0.083333333,0.083333333,0.084459458,0.084459458,0.084459458,0.084459458,0.084459458,0.084459458,0.085592986,0.085592986,0.085592986,0.085592986,0.085592986,0.085592986,0.086733756,0.086733756,0.086733756,0.086733756,0.086733756,0.086733756,0.087881603,0.087881603,0.087881603,0.087881603,0.087881603,0.087881603,0.089036356,0.089036356,0.089036356,0.089036356,0.089036356,0.089036356,0.090244765,0.090244765,0.090244765,0.090244765,0.090244765,0.090244765,0.091461259,0.091461259,0.091461259,0.091461259,0.091461259,0.091461259,0.092685668,0.092685668,0.092685668,0.092685668,0.092685668,0.092685668,0.093898096,0.093898096,0.093898096,0.093898096,0.093898096,0.093898096,0.095147506,0.095147506,0.095147506,0.095147506,0.095147506,0.095147506,0.096384248,0.096384248,0.096384248,0.096384248,0.096384248,0.096384248,0.097627851,0.097627851,0.097627851,0.097627851,0.097627851,0.097627851,0.098878116,0.102680553,0.102680553,0.103314785,0.105704343,0.106991057,0.219673653,0.217256929,0.217256929,0.217256929,0.215218568,0.215218568,0.231042111,0.233368677,0.233368677,0.233368677,0.233368677,0.233368677,0.263982639,0.263934668,0.263934668,0.263934668
bob,,,,,,,,,,,,,,,,,,,,,,,,,,,,,,,,,,,,,,,,,,,,,,,,,,,,,,,,,,,,,,,,,,,,,,,,,,,,,,,,,,,,,,,,,,,,,,,,,,,
Conquer the continents of NORTH AMERICA and AUSTRALIA.,Turn 1,Turn 2,Turn 3,Turn 4,Turn 5,Turn 6,Turn 7,Turn 8,Turn 9,Turn 10,Turn 11,Turn 12,Turn 13,Turn 14,Turn 15,Turn 16,Turn 17,Turn 18,Turn 19,Turn 20,Turn 21,Turn 22,Turn 23,Turn 24,Turn 25,Turn 26,Turn 27,Turn 28,Turn 29,Turn 30,Turn 31,Turn 32,Turn 33,Turn 34,Turn 35,Turn 36,Turn 37,Turn 38,Turn 39,Turn 40,Turn 41,Turn 42,Turn 43,Turn 44,Turn 45,Turn 46,Turn 47,Turn 48,Turn 49,Turn 50,Turn 51,Turn 52,Turn 53,Turn 54,Turn 55,Turn 56,Turn 57,Turn 58,Turn 59,Turn 60,Turn 61,Turn 62,Turn 63,Turn 64,Turn 65,Turn 66,Turn 67,Turn 68,Turn 69,Turn 70,Turn 71,Turn 72,Turn 73,Turn 74,Turn 75,Turn 76,Turn 77,Turn 78,Turn 79,Turn 80,Turn 81,Turn 82,Turn 83,Turn 84,Turn 85,Turn 86,Turn 87,Turn 88,Turn 89,Turn 90,Turn 91,Turn 92,Turn 93,Turn 94,Turn 95,Turn 96,Turn 97,Turn 98,Turn 99
Occupy-Europe-Australia-Asia,0.083333333,0.082770271,0.082770271,0.082770271,0.082770271,0.082770271,0.083327665,0.083327665,0.083327665,0.083327665,0.083327665,0.083327665,0.082758973,0.082758973,0.082758973,0.082758973,0.082758973,0.082758973,0.083310661,0.083310661,0.083310661,0.083310661,0.083310661,0.083310661,0.083858499,0.083858499,0.083858499,0.083858499,0.083858499,0.083858499,0.084402416,0.084402416,0.084402416,0.084402416,0.084402416,0.084402416,0.084942343,0.084942343,0.084942343,0.084942343,0.084942343,0.084942343,0.086101941,0.086101941,0.086101941,0.086101941,0.086101941,0.086101941,0.086647052,0.086647052,0.086647052,0.086647052,0.086647052,0.086647052,0.087187998,0.087187998,0.087187998,0.087187998,0.087187998,0.087187998,0.087724719,0.087724719,0.087724719,0.087724719,0.087724719,0.087724719,0.088257156,0.088257156,0.088257156,0.088257156,0.088257156,0.088257156,0.089461817,0.089461817,0.089461817,0.089461817,0.089461817,0.089461817,0.01573943,0.015381103,0.014797596,0.014702878,0.015686882,0.015807909,0.015794427,0.015794427,0.015197357,0.015091676,0.015091676,0.015091676,0.013373991,0.013373991,0.013373991,0.013373991,0.013373991,0.013378481,0.012495981,0.012495981,0.012495981
Occupy-Europe-South-America-North-America,0.083333333,0.082770271,0.082770271,0.082770271,0.082770271,0.082770271,0.083327665,0.083327665,0.083327665,0.083327665,0.083327665,0.083327665,0.082758973,0.082758973,0.082758973,0.082758973,0.082758973,0.082758973,0.083310661,0.083310661,0.083310661,0.083310661,0.083310661,0.083310661,0.083858499,0.083858499,0.083858499,0.083858499,0.083858499,0.083858499,0.084402416,0.084402416,0.084402416,0.084402416,0.084402416,0.084402416,0.084942343,0.084942343,0.084942343,0.084942343,0.084942343,0.084942343,0.084379904,0.084379904,0.084379904,0.084379904,0.084379904,0.084379904,0.084914112,0.084914112,0.084914112,0.084914112,0.084914112,0.084914112,0.08544424,0.08544424,0.08544424,0.08544424,0.08544424,0.08544424,0.085970226,0.085970226,0.085970226,0.085970226,0.085970226,0.085970226,0.086492014,0.086492014,0.086492014,0.086492014,0.086492014,0.086492014,0.085919133,0.085919133,0.085919133,0.085919133,0.085919133,0.085919133,0.238129446,0.237457296,0.237868548,0.236345969,0.232587743,0.234382201,0.229814943,0.229814943,0.230245041,0.22864393,0.22864393,0.22864393,0.233259402,0.233259402,0.233259402,0.233259402,0.233259402,0.233244389,0.23619484,0.23619484,0.23619484
Occupy-Asia-Africa,0.083333333,0.084459458,0.084459458,0.084459458,0.084459458,0.084459458,0.083327665,0.083327665,0.083327665,0.083327665,0.083327665,0.083327665,0.08444793,0.08444793,0.08444793,0.08444793,0.08444793,0.08444793,0.083310661,0.083310661,0.083310661,0.083310661,0.083310661,0.083310661,0.082181331,0.082181331,0.082181331,0.082181331,0.082181331,0.082181331,0.081060083,0.081060083,0.081060083,0.081060083,0.081060083,0.081060083,0.079947059,0.079947059,0.079947059,0.079947059,0.079947059,0.079947059,0.081038463,0.081038463,0.081038463,0.081038463,0.081038463,0.081038463,0.079920488,0.079920488,0.079920488,0.079920488,0.079920488,0.079920488,0.078811052,0.078811052,0.078811052,0.078811052,0.078811052,0.078811052,0.077710283,0.077710283,0.077710283,0.077710283,0.077710283,0.077710283,0.076618301,0.076618301,0.076618301,0.076618301,0.076618301,0.076618301,0.077664098,0.077664098,0.077664098,0.077664098,0.077664098,0.077664098,0.006488506,0.006467603,0.006222244,0.006311112,0.006733489,0.006516736,0.007208934,0.007208934,0.006936417,0.007028757,0.007028757,0.007028757,0.006228767,0.006228767,0.006228767,0.006228767,0.006228767,0.006230858,0.005819845,0.005819845,0.005819845
Occupy-Europe-South-America-Africa,0.083333333,0.084459458,0.084459458,0.084459458,0.084459458,0.084459458,0.085028228,0.085028228,0.085028228,0.085028228,0.085028228,0.085028228,0.086171356,0.086171356,0.086171356,0.086171356,0.086171356,0.086171356,0.086745792,0.086745792,0.086745792,0.086745792,0.086745792,0.086745792,0.087316218,0.087316218,0.087316218,0.087316218,0.087316218,0.087316218,0.087882562,0.087882562,0.087882562,0.087882562,0.087882562,0.087882562,0.088444752,0.088444752,0.088444752,0.088444752,0.088444752,0.088444752,0.087859122,0.087859122,0.087859122,0.087859122,0.087859122,0.087859122,0.088415357,0.088415357,0.088415357,0.088415357,0.088415357,0.088415357,0.088967343,0.088967343,0.088967343,0.088967343,0.088967343,0.088967343,0.089515018,0.089515018,0.089515018,0.089515018,0.089515018,0.089515018,0.09005832,0.09005832,0.09005832,0.09005832,0.09005832,0.09005832,0.089461817,0.089461817,0.089461817,0.089461817,0.089461817,0.089461817,0.027563091,0.028034996,0.02808355,0.027903789,0.029771277,0.028812931,0.023341606,0.023341606,0.02338529,0.02322267,0.02322267,0.02322267,0.021211648,0.021211648,0.021211648,0.021211648,0.021211648,0.021218771,0.019819092,0.019819092,0.019819092
Occupy-Europe-Australia-South-America,0.083333333,0.082770271,0.082770271,0.082770271,0.082770271,0.082770271,0.083327665,0.083327665,0.083327665,0.083327665,0.083327665,0.083327665,0.082758973,0.082758973,0.082758973,0.082758973,0.082758973,0.082758973,0.083310661,0.083310661,0.083310661,0.083310661,0.083310661,0.083310661,0.083858499,0.083858499,0.083858499,0.083858499,0.083858499,0.083858499,0.084402416,0.084402416,0.084402416,0.084402416,0.084402416,0.084402416,0.084942343,0.084942343,0.084942343,0.084942343,0.084942343,0.084942343,0.084379904,0.084379904,0.084379904,0.084379904,0.084379904,0.084379904,0.084914112,0.084914112,0.084914112,0.084914112,0.084914112,0.084914112,0.08544424,0.08544424,0.08544424,0.08544424,0.08544424,0.08544424,0.085970226,0.085970226,0.085970226,0.085970226,0.085970226,0.085970226,0.086492014,0.086492014,0.086492014,0.086492014,0.086492014,0.086492014,0.085919133,0.085919133,0.085919133,0.085919133,0.085919133,0.085919133,0.044593731,0.04446786,0.044544874,0.044259745,0.047221872,0.047586198,0.040663509,0.040663509,0.04073961,0.040456309,0.040456309,0.040456309,0.036952901,0.036952901,0.036952901,0.036952901,0.036952901,0.036965308,0.034526923,0.034526923,0.034526923
Occupy-Europe-South-America-Australia,0.083333333,0.082770271,0.082770271,0.082770271,0.082770271,0.082770271,0.083327665,0.083327665,0.083327665,0.083327665,0.083327665,0.083327665,0.082758973,0.082758973,0.082758973,0.082758973,0.082758973,0.082758973,0.083310661,0.083310661,0.083310661,0.083310661,0.083310661,0.083310661,0.083858499,0.083858499,0.083858499,0.083858499,0.083858499,0.083858499,0.084402416,0.084402416,0.084402416,0.084402416,0.084402416,0.084402416,0.084942343,0.084942343,0.084942343,0.084942343,0.084942343,0.084942343,0.084379904,0.084379904,0.084379904,0.084379904,0.084379904,0.084379904,0.084914112,0.084914112,0.084914112,0.084914112,0.084914112,0.084914112,0.08544424,0.08544424,0.08544424,0.08544424,0.08544424,0.08544424,0.085970226,0.085970226,0.085970226,0.085970226,0.085970226,0.085970226,0.086492014,0.086492014,0.086492014,0.086492014,0.086492014,0.086492014,0.085919133,0.085919133,0.085919133,0.085919133,0.085919133,0.085919133,0.044593731,0.04446786,0.044544874,0.044259745,0.047221872,0.047586198,0.040663509,0.040663509,0.04073961,0.040456309,0.040456309,0.040456309,0.036952901,0.036952901,0.036952901,0.036952901,0.036952901,0.036965308,0.034526923,0.034526923,0.034526923
Occupy-Europe-Australia-North-America,0.083333333,0.082770271,0.082770271,0.082770271,0.082770271,0.082770271,0.083327665,0.083327665,0.083327665,0.083327665,0.083327665,0.083327665,0.082758973,0.082758973,0.082758973,0.082758973,0.082758973,0.082758973,0.083310661,0.083310661,0.083310661,0.083310661,0.083310661,0.083310661,0.083858499,0.083858499,0.083858499,0.083858499,0.083858499,0.083858499,0.084402416,0.084402416,0.084402416,0.084402416,0.084402416,0.084402416,0.084942343,0.084942343,0.084942343,0.084942343,0.084942343,0.084942343,0.084379904,0.084379904,0.084379904,0.084379904,0.084379904,0.084379904,0.084914112,0.084914112,0.084914112,0.084914112,0.084914112,0.084914112,0.08544424,0.08544424,0.08544424,0.08544424,0.08544424,0.08544424,0.085970226,0.085970226,0.085970226,0.085970226,0.085970226,0.085970226,0.086492014,0.086492014,0.086492014,0.086492014,0.086492014,0.086492014,0.085919133,0.085919133,0.085919133,0.085919133,0.085919133,0.085919133,0.275124382,0.274347809,0.274822952,0.27306383,0.268721739,0.270794978,0.265518168,0.265518168,0.266015084,0.26416523,0.26416523,0.26416523,0.269497746,0.269497746,0.269497746,0.269497746,0.269497746,0.2694804,0.272889223,0.272889223,0.272889223
Occupy-Europe-Australia-Africa,0.083333333,0.084459458,0.084459458,0.084459458,0.084459458,0.084459458,0.085028228,0.085028228,0.085028228,0.085028228,0.085028228,0.085028228,0.086171356,0.086171356,0.086171356,0.086171356,0.086171356,0.086171356,0.086745792,0.086745792,0.086745792,0.086745792,0.086745792,0.086745792,0.087316218,0.087316218,0.087316218,0.087316218,0.087316218,0.087316218,0.087882562,0.087882562,0.087882562,0.087882562,0.087882562,0.087882562,0.088444752,0.088444752,0.088444752,0.088444752,0.088444752,0.088444752,0.087859122,0.087859122,0.087859122,0.087859122,0.087859122,0.087859122,0.088415357,0.088415357,0.088415357,0.088415357,0.088415357,0.088415357,0.088967343,0.088967343,0.088967343,0.088967343,0.088967343,0.088967343,0.089515018,0.089515018,0.089515018,0.089515018,0.089515018,0.089515018,0.09005832,0.09005832,0.09005832,0.09005832,0.09005832,0.09005832,0.089461817,0.089461817,0.089461817,0.089461817,0.089461817,0.089461817,0.033103881,0.033670649,0.033728963,0.033513067,0.035755961,0.034604966,0.028033784,0.028033784,0.028086249,0.027890939,0.027890939,0.027890939,0.025475658,0.025475658,0.025475658,0.025475658,0.025475658,0.025484212,0.023803167,0.023803167,0.023803167
Occupy-North-America-Australia,0.083333333,0.082770271,0.082770271,0.082770271,0.082770271,0.082770271,0.081661113,0.081661113,0.081661113,0.081661113,0.081661113,0.081661113,0.081103795,0.081103795,0.081103795,0.081103795,0.081103795,0.081103795,0.080011562,0.080011562,0.080011562,0.080011562,0.080011562,0.080011562,0.078926953,0.078926953,0.078926953,0.078926953,0.078926953,0.078926953,0.077850107,0.077850107,0.077850107,0.077850107,0.077850107,0.077850107,0.076781158,0.076781158,0.076781158,0.076781158,0.076781158,0.076781158,0.076272757,0.076272757,0.076272757,0.076272757,0.076272757,0.076272757,0.075220528,0.075220528,0.075220528,0.075220528,0.075220528,0.075220528,0.074176336,0.074176336,0.074176336,0.074176336,0.074176336,0.074176336,0.073140301,0.073140301,0.073140301,0.073140301,0.073140301,0.073140301,0.072112536,0.072112536,0.072112536,0.072112536,0.072112536,0.072112536,0.071634897,0.071634897,0.071634897,0.071634897,0.071634897,0.071634897,0.173293362,0.172804219,0.173103499,0.175575815,0.172783918,0.174116978,0.197898439,0.197898439,0.198268804,0.200908215,0.200908215,0.200908215,0.204963806,0.204963806,0.204963806,0.204963806,0.204963806,0.204950614,0.20754316,0.20754316,0.20754316
Occupy-Asia-South-America,0.083333333,0.082770271,0.082770271,0.082770271,0.082770271,0.082770271,0.081661113,0.081661113,0.081661113,0.081661113,0.081661113,0.081661113,0.081103795,0.081103795,0.081103795,0.081103795,0.081103795,0.081103795,0.080011562,0.080011562,0.080011562,0.080011562,0.080011562,0.080011562,0.078926953,0.078926953,0.078926953,0.078926953,0.078926953,0.078926953,0.077850107,0.077850107,0.077850107,0.077850107,0.077850107,0.077850107,0.076781158,0.076781158,0.076781158,0.076781158,0.076781158,0.076781158,0.077829343,0.077829343,0.077829343,0.077829343,0.077829343,0.077829343,0.076755639,0.076755639,0.076755639,0.076755639,0.076755639,0.076755639,0.075690138,0.075690138,0.075690138,0.075690138,0.075690138,0.075690138,0.074632959,0.074632959,0.074632959,0.074632959,0.074632959,0.074632959,0.073584219,0.073584219,0.073584219,0.073584219,0.073584219,0.073584219,0.074588603,0.074588603,0.074588603,0.074588603,0.074588603,0.074588603,0.00941204,0.009197764,0.008848832,0.008975213,0.009575888,0.009649768,0.011216641,0.011216641,0.010792623,0.010936297,0.010936297,0.010936297,0.009691564,0.009691564,0.009691564,0.009691564,0.009691564,0.009694818,0.009055307,0.009055307,0.009055307
Occupy-Europe-South-America-Asia,0.083333333,0.082770271,0.082770271,0.082770271,0.082770271,0.082770271,0.083327665,0.083327665,0.083327665,0.083327665,0.083327665,0.083327665,0.082758973,0.082758973,0.082758973,0.082758973,0.082758973,0.082758973,0.083310661,0.083310661,0.083310661,0.083310661,0.083310661,0.083310661,0.083858499,0.083858499,0.083858499,0.083858499,0.083858499,0.083858499,0.084402416,0.084402416,0.084402416,0.084402416,0.084402416,0.084402416,0.084942343,0.084942343,0.084942343,0.084942343,0.084942343,0.084942343,0.086101941,0.086101941,0.086101941,0.086101941,0.086101941,0.086101941,0.086647052,0.086647052,0.086647052,0.086647052,0.086647052,0.086647052,0.087187998,0.087187998,0.087187998,0.087187998,0.087187998,0.087187998,0.087724719,0.087724719,0.087724719,0.087724719,0.087724719,0.087724719,0.088257156,0.088257156,0.088257156,0.088257156,0.088257156,0.088257156,0.089461817,0.089461817,0.089461817,0.089461817,0.089461817,0.089461817,0.012906624,0.01261279,0.012134303,0.012056632,0.012863534,0.012962779,0.012951723,0.012951723,0.012462115,0.012375454,0.012375454,0.012375454,0.01096692,0.01096692,0.01096692,0.01096692,0.01096692,0.010970603,0.010246936,0.010246936,0.010246936
Occupy-North-America-Africa,0.083333333,0.084459458,0.084459458,0.084459458,0.084459458,0.084459458,0.083327665,0.083327665,0.083327665,0.083327665,0.083327665,0.083327665,0.08444793,0.08444793,0.08444793,0.08444793,0.08444793,0.08444793,0.083310661,0.083310661,0.083310661,0.083310661,0.083310661,0.083310661,0.082181331,0.082181331,0.082181331,0.082181331,0.082181331,0.082181331,0.081060083,0.081060083,0.081060083,0.081060083,0.081060083,0.081060083,0.079947059,0.079947059,0.079947059,0.079947059,0.079947059,0.079947059,0.079417695,0.079417695,0.079417695,0.079417695,0.079417695,0.079417695,0.078322079,0.078322079,0.078322079,0.078322079,0.078322079,0.078322079,0.077234833,0.077234833,0.077234833,0.077234833,0.077234833,0.077234833,0.076156079,0.076156079,0.076156079,0.076156079,0.076156079,0.076156079,0.075085936,0.075085936,0.075085936,0.075085936,0.075085936,0.075085936,0.074588603,0.074588603,0.074588603,0.074588603,0.074588603,0.074588603,0.119051776,0.12109005,0.121299766,0.123032205,0.121075824,0.117178358,0.126894318,0.126894318,0.1271318,0.128824214,0.128824214,0.128824214,0.131424697,0.131424697,0.131424697,0.131424697,0.131424697,0.131416238,0.133078603,0.133078603,0.133078603
fred,,,,,,,,,,,,,,,,,,,,,,,,,,,,,,,,,,,,,,,,,,,,,,,,,,,,,,,,,,,,,,,,,,,,,,,,,,,,,,,,,,,,,,,,,,,,,,,,,,,
Conquer the continents of ASIA and SOUTH AMERICA.,Turn 1,Turn 2,Turn 3,Turn 4,Turn 5,Turn 6,Turn 7,Turn 8,Turn 9,Turn 10,Turn 11,Turn 12,Turn 13,Turn 14,Turn 15,Turn 16,Turn 17,Turn 18,Turn 19,Turn 20,Turn 21,Turn 22,Turn 23,Turn 24,Turn 25,Turn 26,Turn 27,Turn 28,Turn 29,Turn 30,Turn 31,Turn 32,Turn 33,Turn 34,Turn 35,Turn 36,Turn 37,Turn 38,Turn 39,Turn 40,Turn 41,Turn 42,Turn 43,Turn 44,Turn 45,Turn 46,Turn 47,Turn 48,Turn 49,Turn 50,Turn 51,Turn 52,Turn 53,Turn 54,Turn 55,Turn 56,Turn 57,Turn 58,Turn 59,Turn 60,Turn 61,Turn 62,Turn 63,Turn 64,Turn 65,Turn 66,Turn 67,Turn 68,Turn 69,Turn 70,Turn 71,Turn 72,Turn 73,Turn 74,Turn 75,Turn 76,Turn 77,Turn 78,Turn 79,Turn 80,Turn 81,Turn 82,Turn 83,Turn 84,Turn 85,Turn 86,Turn 87,Turn 88,Turn 89,Turn 90,Turn 91,Turn 92,Turn 93,Turn 94,Turn 95,Turn 96,Turn 97,Turn 98,Turn 99
Occupy-Europe-Australia-Asia,0.083333333,0.081666668,0.082491583,0.082491583,0.082491583,0.082491583,0.082491583,0.081650005,0.081650005,0.081650005,0.081650005,0.081650005,0.081650005,0.08080877,0.08080877,0.08080877,0.08080877,0.08080877,0.08080877,0.07996805,0.07996805,0.07996805,0.07996805,0.07996805,0.07996805,0.079128015,0.079128015,0.079128015,0.079128015,0.079128015,0.079128015,0.078288837,0.078288837,0.078288837,0.078288837,0.078288837,0.078288837,0.077450684,0.077450684,0.077450684,0.077450684,0.077450684,0.077450684,0.076945719,0.076945719,0.076945719,0.076945719,0.076945719,0.076945719,0.076116801,0.076116801,0.076116801,0.076116801,0.076116801,0.076116801,0.075616336,0.075616336,0.075616336,0.075616336,0.075616336,0.075616336,0.075112397,0.075112397,0.075112397,0.075112397,0.075112397,0.075112397,0.07460505,0.07460505,0.07460505,0.07460505,0.07460505,0.07460505,0.074094366,0.074094366,0.074094366,0.074094366,0.074094366,0.075044338,0.069224482,0.068617136,0.068047966,0.067835896,0.068160673,0.068160673,0.078638985,0.077565231,0.077901206,0.077901206,0.078086105,0.078086105,0.07239381,0.072598408,0.072598408,0.072598408,0.072598408,0.072598408,0.07157292,0.071447692
Occupy-Europe-South-America-North-America,0.083333333,0.083333333,0.084175083,0.084175083,0.084175083,0.084175083,0.084175083,0.085016662,0.085016662,0.085016662,0.085016662,0.085016662,0.085016662,0.085857897,0.085857897,0.085857897,0.085857897,0.085857897,0.085857897,0.086698617,0.086698617,0.086698617,0.086698617,0.086698617,0.086698617,0.087538651,0.087538651,0.087538651,0.087538651,0.087538651,0.087538651,0.08837783,0.08837783,0.08837783,0.08837783,0.08837783,0.08837783,0.089215983,0.089215983,0.089215983,0.089215983,0.089215983,0.089215983,0.088634311,0.088634311,0.088634311,0.088634311,0.088634311,0.088634311,0.089468849,0.089468849,0.089468849,0.089468849,0.089468849,0.089468849,0.088880596,0.088880596,0.088880596,0.088880596,0.088880596,0.088880596,0.088288258,0.088288258,0.088288258,0.088288258,0.088288258,0.088288258,0.087691915,0.087691915,0.087691915,0.087691915,0.087691915,0.087691915,0.087091649,0.087091649,0.087091649,0.087091649,0.087091649,0.086444097,0.056256893,0.056901345,0.056429356,0.057378564,0.057653274,0.057653274,0.041055482,0.042164618,0.042347255,0.042347255,0.041598812,0.041598812,0.015188674,0.014938917,0.014938917,0.014938917,0.014938917,0.014938917,0.008110565,0.008264912
Occupy-Asia-Africa,0.083333333,0.083333333,0.082491583,0.082491583,0.082491583,0.082491583,0.082491583,0.081650005,0.081650005,0.081650005,0.081650005,0.081650005,0.081650005,0.08080877,0.08080877,0.08080877,0.08080877,0.08080877,0.08080877,0.07996805,0.07996805,0.07996805,0.07996805,0.07996805,0.07996805,0.079128015,0.079128015,0.079128015,0.079128015,0.079128015,0.079128015,0.078288837,0.078288837,0.078288837,0.078288837,0.078288837,0.078288837,0.077450684,0.077450684,0.077450684,0.077450684,0.077450684,0.077450684,0.078516038,0.078516038,0.078516038,0.078516038,0.078516038,0.078516038,0.077670203,0.077670203,0.077670203,0.077670203,0.077670203,0.077670203,0.078734208,0.078734208,0.078734208,0.078734208,0.078734208,0.078734208,0.0798056,0.0798056,0.0798056,0.0798056,0.0798056,0.0798056,0.080884236,0.080884236,0.080884236,0.080884236,0.080884236,0.080884236,0.081969968,0.081969968,0.081969968,0.081969968,0.081969968,0.081393055,0.097171353,0.096318813,0.097469245,0.097165485,0.095678071,0.095678071,0.110386621,0.108879378,0.107163973,0.107163973,0.107418327,0.107418327,0.144385943,0.144794004,0.144794004,0.144794004,0.144794004,0.144794004,0.149508552,0.149246963
Occupy-Europe-South-America-Africa,0.083333333,0.083333333,0.084175083,0.084175083,0.084175083,0.084175083,0.084175083,0.085016662,0.085016662,0.085016662,0.085016662,0.085016662,0.085016662,0.085857897,0.085857897,0.085857897,0.085857897,0.085857897,0.085857897,0.086698617,0.086698617,0.086698617,0.086698617,0.086698617,0.086698617,0.087538651,0.087538651,0.087538651,0.087538651,0.087538651,0.087538651,0.08837783,0.08837783,0.08837783,0.08837783,0.08837783,0.08837783,0.089215983,0.089215983,0.089215983,0.089215983,0.089215983,0.089215983,0.090443173,0.090443173,0.090443173,0.090443173,0.090443173,0.090443173,0.091294742,0.091294742,0.091294742,0.091294742,0.091294742,0.091294742,0.09254539,0.09254539,0.09254539,0.09254539,0.09254539,0.09254539,0.093804721,0.093804721,0.093804721,0.093804721,0.093804721,0.093804721,0.095072566,0.095072566,0.095072566,0.095072566,0.095072566,0.095072566,0.096348752,0.096348752,0.096348752,0.096348752,0.096348752,0.09758405,0.07467266,0.075528074,0.074901579,0.07466815,0.073525126,0.073525126,0.055902533,0.057412771,0.056508228,0.056508228,0.05664235,0.05664235,0.02316217,0.0227813,0.0227813,0.0227813,0.0227813,0.0227813,0.012368314,0.012603688
Occupy-Europe-South-America-Australia,0.083333333,0.083333333,0.084175083,0.084175083,0.084175083,0.084175083,0.084175083,0.085016662,0.085016662,0.085016662,0.085016662,0.085016662,0.085016662,0.085857897,0.085857897,0.085857897,0.085857897,0.085857897,0.085857897,0.086698617,0.086698617,0.086698617,0.086698617,0.086698617,0.086698617,0.087538651,0.087538651,0.087538651,0.087538651,0.087538651,0.087538651,0.08837783,0.08837783,0.08837783,0.08837783,0.08837783,0.08837783,0.089215983,0.089215983,0.089215983,0.089215983,0.089215983,0.089215983,0.088634311,0.088634311,0.088634311,0.088634311,0.088634311,0.088634311,0.089468849,0.089468849,0.089468849,0.089468849,0.089468849,0.089468849,0.088880596,0.088880596,0.088880596,0.088880596,0.088880596,0.088880596,0.088288258,0.088288258,0.088288258,0.088288258,0.088288258,0.088288258,0.087691915,0.087691915,0.087691915,0.087691915,0.087691915,0.087691915,0.087091649,0.087091649,0.087091649,0.087091649,0.087091649,0.088208261,0.086726145,0.087719638,0.086992015,0.086720907,0.087136099,0.087136099,0.070571942,0.072478483,0.072792425,0.072792425,0.072965197,0.072965197,0.032316695,0.031785291,0.031785291,0.031785291,0.031785291,0.031785291,0.019221046,0.01958683
Occupy-Europe-Australia-South-America,0.083333333,0.083333333,0.084175083,0.084175083,0.084175083,0.084175083,0.084175083,0.085016662,0.085016662,0.085016662,0.085016662,0.085016662,0.085016662,0.085857897,0.085857897,0.085857897,0.085857897,0.085857897,0.085857897,0.086698617,0.086698617,0.086698617,0.086698617,0.086698617,0.086698617,0.087538651,0.087538651,0.087538651,0.087538651,0.087538651,0.087538651,0.08837783,0.08837783,0.08837783,0.08837783,0.08837783,0.08837783,0.089215983,0.089215983,0.089215983,0.089215983,0.089215983,0.089215983,0.088634311,0.088634311,0.088634311,0.088634311,0.088634311,0.088634311,0.089468849,0.089468849,0.089468849,0.089468849,0.089468849,0.089468849,0.088880596,0.088880596,0.088880596,0.088880596,0.088880596,0.088880596,0.088288258,0.088288258,0.088288258,0.088288258,0.088288258,0.088288258,0.087691915,0.087691915,0.087691915,0.087691915,0.087691915,0.087691915,0.087091649,0.087091649,0.087091649,0.087091649,0.087091649,0.088208261,0.086726145,0.087719638,0.086992015,0.086720907,0.087136099,0.087136099,0.070571942,0.072478483,0.072792425,0.072792425,0.072965197,0.072965197,0.032316695,0.031785291,0.031785291,0.031785291,0.031785291,0.031785291,0.019221046,0.01958683
Occupy-Europe-Australia-North-America,0.083333333,0.083333333,0.082491583,0.082491583,0.082491583,0.082491583,0.082491583,0.081650005,0.081650005,0.081650005,0.081650005,0.081650005,0.081650005,0.08080877,0.08080877,0.08080877,0.08080877,0.08080877,0.08080877,0.07996805,0.07996805,0.07996805,0.07996805,0.07996805,0.07996805,0.079128015,0.079128015,0.079128015,0.079128015,0.079128015,0.079128015,0.078288837,0.078288837,0.078288837,0.078288837,0.078288837,0.078288837,0.077450684,0.077450684,0.077450684,0.077450684,0.077450684,0.077450684,0.076945719,0.076945719,0.076945719,0.076945719,0.076945719,0.076945719,0.076116801,0.076116801,0.076116801,0.076116801,0.076116801,0.076116801,0.075616336,0.075616336,0.075616336,0.075616336,0.075616336,0.075616336,0.075112397,0.075112397,0.075112397,0.075112397,0.075112397,0.075112397,0.07460505,0.07460505,0.07460505,0.07460505,0.07460505,0.07460505,0.074094366,0.074094366,0.074094366,0.074094366,0.074094366,0.073543453,0.023560432,0.023830329,0.02363266,0.024030189,0.024145238,0.024145238,0.017194069,0.017658576,0.017735065,0.017735065,0.017421616,0.017421616,0.005749867,0.005655318,0.005655318,0.005655318,0.005655318,0.005655318,0.003070358,0.003128788
Occupy-Europe-Australia-Africa,0.083333333,0.083333333,0.082491583,0.082491583,0.082491583,0.082491583,0.082491583,0.081650005,0.081650005,0.081650005,0.081650005,0.081650005,0.081650005,0.08080877,0.08080877,0.08080877,0.08080877,0.08080877,0.08080877,0.07996805,0.07996805,0.07996805,0.07996805,0.07996805,0.07996805,0.079128015,0.079128015,0.079128015,0.079128015,0.079128015,0.079128015,0.078288837,0.078288837,0.078288837,0.078288837,0.078288837,0.078288837,0.077450684,0.077450684,0.077450684,0.077450684,0.077450684,0.077450684,0.078516038,0.078516038,0.078516038,0.078516038,0.078516038,0.078516038,0.077670203,0.077670203,0.077670203,0.077670203,0.077670203,0.077670203,0.078734208,0.078734208,0.078734208,0.078734208,0.078734208,0.078734208,0.0798056,0.0798056,0.0798056,0.0798056,0.0798056,0.0798056,0.080884236,0.080884236,0.080884236,0.080884236,0.080884236,0.080884236,0.081969968,0.081969968,0.081969968,0.081969968,0.081969968,0.083020914,0.03127297,0.031631218,0.031368842,0.031271082,0.030792382,0.030792382,0.023412026,0.024044515,0.023665691,0.023665691,0.023721862,0.023721862,0.008768336,0.008624153,0.008624153,0.008624153,0.008624153,0.008624153,0.004682184,0.004771287
Occupy-North-America-Australia,0.083333333,0.081666668,0.082491583,0.082491583,0.082491583,0.082491583,0.082491583,0.081650005,0.081650005,0.081650005,0.081650005,0.081650005,0.081650005,0.08080877,0.08080877,0.08080877,0.08080877,0.08080877,0.08080877,0.07996805,0.07996805,0.07996805,0.07996805,0.07996805,0.07996805,0.079128015,0.079128015,0.079128015,0.079128015,0.079128015,0.079128015,0.078288837,0.078288837,0.078288837,0.078288837,0.078288837,0.078288837,0.077450684,0.077450684,0.077450684,0.077450684,0.077450684,0.077450684,0.076945719,0.076945719,0.076945719,0.076945719,0.076945719,0.076945719,0.076116801,0.076116801,0.076116801,0.076116801,0.076116801,0.076116801,0.075616336,0.075616336,0.075616336,0.075616336,0.075616336,0.075616336,0.075112397,0.075112397,0.075112397,0.075112397,0.075112397,0.075112397,0.07460505,0.07460505,0.07460505,0.07460505,0.07460505,0.07460505,0.074094366,0.074094366,0.074094366,0.074094366,0.074094366,0.072101426,0.040732275,0.041198885,0.041690964,0.042392255,0.042595216,0.042595216,0.032385942,0.033260866,0.033404936,0.033404936,0.032814539,0.032814539,0.017220751,0.016937579,0.016937579,0.016937579,0.016937579,0.016937579,0.010793027,0.010998422
Occupy-Asia-South-America,0.083333333,0.083333333,0.084175083,0.084175083,0.084175083,0.084175083,0.084175083,0.085016662,0.085016662,0.085016662,0.085016662,0.085016662,0.085016662,0.085857897,0.085857897,0.085857897,0.085857897,0.085857897,0.085857897,0.086698617,0.086698617,0.086698617,0.086698617,0.086698617,0.086698617,0.087538651,0.087538651,0.087538651,0.087538651,0.087538651,0.087538651,0.08837783,0.08837783,0.08837783,0.08837783,0.08837783,0.08837783,0.089215983,0.089215983,0.089215983,0.089215983,0.089215983,0.089215983,0.088634311,0.088634311,0.088634311,0.088634311,0.088634311,0.088634311,0.089468849,0.089468849,0.089468849,0.089468849,0.089468849,0.089468849,0.088880596,0.088880596,0.088880596,0.088880596,0.088880596,0.088880596,0.088288258,0.088288258,0.088288258,0.088288258,0.088288258,0.088288258,0.087691915,0.087691915,0.087691915,0.087691915,0.087691915,0.087691915,0.087091649,0.087091649,0.087091649,0.087091649,0.087091649,0.086478689,0.240288963,0.23818077,0.2410256,0.240274451,0.24142481,0.24142481,0.293929911,0.289916527,0.291172307,0.291172307,0.291863404,0.291863404,0.451903567,0.453180728,0.453180728,0.453180728,0.453180728,0.453180728,0.512160054,0.511263946
Occupy-Europe-South-America-Asia,0.083333333,0.083333333,0.084175083,0.084175083,0.084175083,0.084175083,0.084175083,0.085016662,0.085016662,0.085016662,0.085016662,0.085016662,0.085016662,0.085857897,0.085857897,0.085857897,0.085857897,0.085857897,0.085857897,0.086698617,0.086698617,0.086698617,0.086698617,0.086698617,0.086698617,0.087538651,0.087538651,0.087538651,0.087538651,0.087538651,0.087538651,0.08837783,0.08837783,0.08837783,0.08837783,0.08837783,0.08837783,0.089215983,0.089215983,0.089215983,0.089215983,0.089215983,0.089215983,0.088634311,0.088634311,0.088634311,0.088634311,0.088634311,0.088634311,0.089468849,0.089468849,0.089468849,0.089468849,0.089468849,0.089468849,0.088880596,0.088880596,0.088880596,0.088880596,0.088880596,0.088880596,0.088288258,0.088288258,0.088288258,0.088288258,0.088288258,0.088288258,0.087691915,0.087691915,0.087691915,0.087691915,0.087691915,0.087691915,0.087091649,0.087091649,0.087091649,0.087091649,0.087091649,0.088208261,0.159604513,0.158204211,0.156891929,0.15640298,0.157151788,0.157151788,0.181310667,0.178835011,0.179609639,0.179609639,0.180035942,0.180035942,0.184653043,0.185174906,0.185174906,0.185174906,0.185174906,0.185174906,0.182559221,0.182239803
Occupy-North-America-Africa,0.083333333,0.081666668,0.082491583,0.082491583,0.082491583,0.082491583,0.082491583,0.081650005,0.081650005,0.081650005,0.081650005,0.081650005,0.081650005,0.08080877,0.08080877,0.08080877,0.08080877,0.08080877,0.08080877,0.07996805,0.07996805,0.07996805,0.07996805,0.07996805,0.07996805,0.079128015,0.079128015,0.079128015,0.079128015,0.079128015,0.079128015,0.078288837,0.078288837,0.078288837,0.078288837,0.078288837,0.078288837,0.077450684,0.077450684,0.077450684,0.077450684,0.077450684,0.077450684,0.078516038,0.078516038,0.078516038,0.078516038,0.078516038,0.078516038,0.077670203,0.077670203,0.077670203,0.077670203,0.077670203,0.077670203,0.078734208,0.078734208,0.078734208,0.078734208,0.078734208,0.078734208,0.0798056,0.0798056,0.0798056,0.0798056,0.0798056,0.0798056,0.080884236,0.080884236,0.080884236,0.080884236,0.080884236,0.080884236,0.081969968,0.081969968,0.081969968,0.081969968,0.081969968,0.079765195,0.033763169,0.034149944,0.03455783,0.035139134,0.034601222,0.034601222,0.024639881,0.025305541,0.02490685,0.02490685,0.024466648,0.024466648,0.011940448,0.011744103,0.011744103,0.011744103,0.011744103,0.011744103,0.006732713,0.00686084
the grapes,,,,,,,,,,,,,,,,,,,,,,,,,,,,,,,,,,,,,,,,,,,,,,,,,,,,,,,,,,,,,,,,,,,,,,,,,,,,,,,,,,,,,,,,,,,,,,,,,,,
Conquer the continents of ASIA and AFRICA.,Turn 1,Turn 2,Turn 3,Turn 4,Turn 5,Turn 6,Turn 7,Turn 8,Turn 9,Turn 10,Turn 11,Turn 12,Turn 13,Turn 14,Turn 15,Turn 16,Turn 17,Turn 18,Turn 19,Turn 20,Turn 21,Turn 22,Turn 23,Turn 24,Turn 25,Turn 26,Turn 27,Turn 28,Turn 29,Turn 30,Turn 31,Turn 32,Turn 33,Turn 34,Turn 35,Turn 36,Turn 37,Turn 38,Turn 39,Turn 40,Turn 41,Turn 42,Turn 43,Turn 44,Turn 45,Turn 46,Turn 47,Turn 48,Turn 49,Turn 50,Turn 51,Turn 52,Turn 53,Turn 54,Turn 55,Turn 56,Turn 57,Turn 58,Turn 59,Turn 60,Turn 61,Turn 62,Turn 63,Turn 64,Turn 65,Turn 66,Turn 67,Turn 68,Turn 69,Turn 70,Turn 71,Turn 72,Turn 73,Turn 74,Turn 75,Turn 76,Turn 77,Turn 78,Turn 79,Turn 80,Turn 81,Turn 82,Turn 83,Turn 84,Turn 85,Turn 86,Turn 87,Turn 88,Turn 89,Turn 90,Turn 91,Turn 92,Turn 93,Turn 94,Turn 95,Turn 96,Turn 97,Turn 98,Turn 99
Occupy-Europe-Australia-Asia,0.083333333,0.083333333,0.084459458,0.084459458,0.084459458,0.084459458,0.084459458,0.084459458,0.085592986,0.085592986,0.085592986,0.085592986,0.085592986,0.085592986,0.086733756,0.086733756,0.086733756,0.086733756,0.086733756,0.086733756,0.087881603,0.087881603,0.087881603,0.087881603,0.087881603,0.087881603,0.089036356,0.089036356,0.089036356,0.089036356,0.089036356,0.089036356,0.090197841,0.090197841,0.090197841,0.090197841,0.090197841,0.090197841,0.091365877,0.091365877,0.091365877,0.091365877,0.091365877,0.091365877,0.09254028,0.09254028,0.09254028,0.09254028,0.09254028,0.09254028,0.093720859,0.093720859,0.093720859,0.093720859,0.093720859,0.093720859,0.094907422,0.094907422,0.094907422,0.094907422,0.094907422,0.094907422,0.09609977,0.09609977,0.09609977,0.09609977,0.09609977,0.09609977,0.0972977,0.0972977,0.0972977,0.0972977,0.0972977,0.0972977,0.098501005,0.098501005,0.098501005,0.098501005,0.100175346,0.100151492,0.124379903,0.124379903,0.124379903,0.124379903,0.124358964,0.124338023,0.13465948,0.13465948,0.13465948,0.13465948,0.13465948,0.129752084,0.130478678,0.130478678,0.130478678,0.130478678,0.130478678,0.129709146,0.130737528
Occupy-Europe-South-America-North-America,0.083333333,0.083333333,0.082770271,0.082770271,0.082770271,0.082770271,0.082770271,0.082770271,0.082203507,0.082203507,0.082203507,0.082203507,0.082203507,0.082203507,0.081633122,0.081633122,0.081633122,0.081633122,0.081633122,0.081633122,0.081059199,0.081059199,0.081059199,0.081059199,0.081059199,0.081059199,0.080481822,0.080481822,0.080481822,0.080481822,0.080481822,0.080481822,0.07990108,0.07990108,0.07990108,0.07990108,0.07990108,0.07990108,0.079317061,0.079317061,0.079317061,0.079317061,0.079317061,0.079317061,0.07872986,0.07872986,0.07872986,0.07872986,0.07872986,0.07872986,0.07813957,0.07813957,0.07813957,0.07813957,0.07813957,0.07813957,0.077546289,0.077546289,0.077546289,0.077546289,0.077546289,0.077546289,0.076950115,0.076950115,0.076950115,0.076950115,0.076950115,0.076950115,0.07635115,0.07635115,0.07635115,0.07635115,0.07635115,0.07635115,0.075749497,0.075749497,0.075749497,0.075749497,0.072535724,0.072547471,0.051263296,0.051263296,0.051263296,0.051263296,0.051275176,0.051287057,0.03633369,0.03633369,0.03633369,0.03633369,0.03633369,0.039521226,0.035924111,0.035924111,0.035924111,0.035924111,0.035924111,0.036455642,0.030331969
Occupy-Europe-South-America-Africa,0.083333333,0.083333333,0.082770271,0.082770271,0.082770271,0.082770271,0.082770271,0.082770271,0.082203507,0.082203507,0.082203507,0.082203507,0.082203507,0.082203507,0.081633122,0.081633122,0.081633122,0.081633122,0.081633122,0.081633122,0.081059199,0.081059199,0.081059199,0.081059199,0.081059199,0.081059199,0.080481822,0.080481822,0.080481822,0.080481822,0.080481822,0.080481822,0.07990108,0.07990108,0.07990108,0.07990108,0.07990108,0.07990108,0.079317061,0.079317061,0.079317061,0.079317061,0.079317061,0.079317061,0.07872986,0.07872986,0.07872986,0.07872986,0.07872986,0.07872986,0.07813957,0.07813957,0.07813957,0.07813957,0.07813957,0.07813957,0.077546289,0.077546289,0.077546289,0.077546289,0.077546289,0.077546289,0.076950115,0.076950115,0.076950115,0.076950115,0.076950115,0.076950115,0.07635115,0.07635115,0.07635115,0.07635115,0.07635115,0.07635115,0.075749497,0.075749497,0.075749497,0.075749497,0.075526574,0.075538804,0.062184105,0.062184105,0.062184105,0.062184105,0.062198516,0.062212927,0.043155782,0.043155782,0.043155782,0.043155782,0.043155782,0.046941817,0.042669299,0.042669299,0.042669299,0.042669299,0.042669299,0.043300631,0.034916633
Occupy-Asia-Africa,0.083333333,0.083333333,0.084459458,0.084459458,0.084459458,0.084459458,0.084459458,0.084459458,0.085592986,0.085592986,0.085592986,0.085592986,0.085592986,0.085592986,0.086733756,0.086733756,0.086733756,0.086733756,0.086733756,0.086733756,0.087881603,0.087881603,0.087881603,0.087881603,0.087881603,0.087881603,0.089036356,0.089036356,0.089036356,0.089036356,0.089036356,0.089036356,0.090197841,0.090197841,0.090197841,0.090197841,0.090197841,0.090197841,0.091365877,0.091365877,0.091365877,0.091365877,0.091365877,0.091365877,0.09254028,0.09254028,0.09254028,0.09254028,0.09254028,0.09254028,0.093720859,0.093720859,0.093720859,0.093720859,0.093720859,0.093720859,0.094907422,0.094907422,0.094907422,0.094907422,0.094907422,0.094907422,0.09609977,0.09609977,0.09609977,0.09609977,0.09609977,0.09609977,0.0972977,0.0972977,0.0972977,0.0972977,0.0972977,0.0972977,0.098501005,0.098501005,0.098501005,0.098501005,0.102219739,0.102195398,0.155472176,0.155472176,0.155472176,0.155472176,0.155446003,0.155419827,0.196182047,0.196182047,0.196182047,0.196182047,0.196182047,0.189032585,0.201668451,0.201668451,0.201668451,0.201668451,0.201668451,0.200479059,0.218434082
Occupy-Europe-South-America-Australia,0.083333333,0.083333333,0.082770271,0.082770271,0.082770271,0.082770271,0.082770271,0.082770271,0.082203507,0.082203507,0.082203507,0.082203507,0.082203507,0.082203507,0.081633122,0.081633122,0.081633122,0.081633122,0.081633122,0.081633122,0.081059199,0.081059199,0.081059199,0.081059199,0.081059199,0.081059199,0.080481822,0.080481822,0.080481822,0.080481822,0.080481822,0.080481822,0.07990108,0.07990108,0.07990108,0.07990108,0.07990108,0.07990108,0.079317061,0.079317061,0.079317061,0.079317061,0.079317061,0.079317061,0.07872986,0.07872986,0.07872986,0.07872986,0.07872986,0.07872986,0.07813957,0.07813957,0.07813957,0.07813957,0.07813957,0.07813957,0.077546289,0.077546289,0.077546289,0.077546289,0.077546289,0.077546289,0.076950115,0.076950115,0.076950115,0.076950115,0.076950115,0.076950115,0.07635115,0.07635115,0.07635115,0.07635115,0.07635115,0.07635115,0.075749497,0.075749497,0.075749497,0.075749497,0.075526574,0.075538804,0.053377024,0.053377024,0.053377024,0.053377024,0.053389394,0.053401764,0.036287672,0.036287672,0.036287672,0.036287672,0.036287672,0.039471172,0.034446982,0.034446982,0.034446982,0.034446982,0.034446982,0.034956658,0.02762448
Occupy-Europe-Australia-South-America,0.083333333,0.083333333,0.082770271,0.082770271,0.082770271,0.082770271,0.082770271,0.082770271,0.082203507,0.082203507,0.082203507,0.082203507,0.082203507,0.082203507,0.081633122,0.081633122,0.081633122,0.081633122,0.081633122,0.081633122,0.081059199,0.081059199,0.081059199,0.081059199,0.081059199,0.081059199,0.080481822,0.080481822,0.080481822,0.080481822,0.080481822,0.080481822,0.07990108,0.07990108,0.07990108,0.07990108,0.07990108,0.07990108,0.079317061,0.079317061,0.079317061,0.079317061,0.079317061,0.079317061,0.07872986,0.07872986,0.07872986,0.07872986,0.07872986,0.07872986,0.07813957,0.07813957,0.07813957,0.07813957,0.07813957,0.07813957,0.077546289,0.077546289,0.077546289,0.077546289,0.077546289,0.077546289,0.076950115,0.076950115,0.076950115,0.076950115,0.076950115,0.076950115,0.07635115,0.07635115,0.07635115,0.07635115,0.07635115,0.07635115,0.075749497,0.075749497,0.075749497,0.075749497,0.075526574,0.075538804,0.053377024,0.053377024,0.053377024,0.053377024,0.053389394,0.053401764,0.036287672,0.036287672,0.036287672,0.036287672,0.036287672,0.039471172,0.034446982,0.034446982,0.034446982,0.034446982,0.034446982,0.034956658,0.02762448
Occupy-North-America-Australia,0.083333333,0.083333333,0.082770271,0.082770271,0.082770271,0.082770271,0.082770271,0.082770271,0.082203507,0.082203507,0.082203507,0.082203507,0.082203507,0.082203507,0.081633122,0.081633122,0.081633122,0.081633122,0.081633122,0.081633122,0.081059199,0.081059199,0.081059199,0.081059199,0.081059199,0.081059199,0.080481822,0.080481822,0.080481822,0.080481822,0.080481822,0.080481822,0.07990108,0.07990108,0.07990108,0.07990108,0.07990108,0.07990108,0.079317061,0.079317061,0.079317061,0.079317061,0.079317061,0.079317061,0.07872986,0.07872986,0.07872986,0.07872986,0.07872986,0.07872986,0.07813957,0.07813957,0.07813957,0.07813957,0.07813957,0.07813957,0.077546289,0.077546289,0.077546289,0.077546289,0.077546289,0.077546289,0.076950115,0.076950115,0.076950115,0.076950115,0.076950115,0.076950115,0.07635115,0.07635115,0.07635115,0.07635115,0.07635115,0.07635115,0.075749497,0.075749497,0.075749497,0.075749497,0.074016044,0.07402803,0.047681724,0.047681724,0.047681724,0.047681724,0.047692774,0.047703825,0.035982931,0.035982931,0.035982931,0.035982931,0.035982931,0.039139695,0.034869317,0.034869317,0.034869317,0.034869317,0.034869317,0.035385241,0.029754185
Occupy-Europe-Australia-North-America,0.083333333,0.083333333,0.082770271,0.082770271,0.082770271,0.082770271,0.082770271,0.082770271,0.082203507,0.082203507,0.082203507,0.082203507,0.082203507,0.082203507,0.081633122,0.081633122,0.081633122,0.081633122,0.081633122,0.081633122,0.081059199,0.081059199,0.081059199,0.081059199,0.081059199,0.081059199,0.080481822,0.080481822,0.080481822,0.080481822,0.080481822,0.080481822,0.07990108,0.07990108,0.07990108,0.07990108,0.07990108,0.07990108,0.079317061,0.079317061,0.079317061,0.079317061,0.079317061,0.079317061,0.07872986,0.07872986,0.07872986,0.07872986,0.07872986,0.07872986,0.07813957,0.07813957,0.07813957,0.07813957,0.07813957,0.07813957,0.077546289,0.077546289,0.077546289,0.077546289,0.077546289,0.077546289,0.076950115,0.076950115,0.076950115,0.076950115,0.076950115,0.076950115,0.07635115,0.07635115,0.07635115,0.07635115,0.07635115,0.07635115,0.075749497,0.075749497,0.075749497,0.075749497,0.072535724,0.072547471,0.043868006,0.043868006,0.043868006,0.043868006,0.043878172,0.043888339,0.028567524,0.028567524,0.028567524,0.028567524,0.028567524,0.031073739,0.027118438,0.027118438,0.027118438,0.027118438,0.027118438,0.027519681,0.021747413
Occupy-Europe-Australia-Africa,0.083333333,0.083333333,0.082770271,0.082770271,0.082770271,0.082770271,0.082770271,0.082770271,0.082203507,0.082203507,0.082203507,0.082203507,0.082203507,0.082203507,0.081633122,0.081633122,0.081633122,0.081633122,0.081633122,0.081633122,0.081059199,0.081059199,0.081059199,0.081059199,0.081059199,0.081059199,0.080481822,0.080481822,0.080481822,0.080481822,0.080481822,0.080481822,0.07990108,0.07990108,0.07990108,0.07990108,0.07990108,0.07990108,0.079317061,0.079317061,0.079317061,0.079317061,0.079317061,0.079317061,0.07872986,0.07872986,0.07872986,0.07872986,0.07872986,0.07872986,0.07813957,0.07813957,0.07813957,0.07813957,0.07813957,0.07813957,0.077546289,0.077546289,0.077546289,0.077546289,0.077546289,0.077546289,0.076950115,0.076950115,0.076950115,0.076950115,0.076950115,0.076950115,0.07635115,0.07635115,0.07635115,0.07635115,0.07635115,0.07635115,0.075749497,0.075749497,0.075749497,0.075749497,0.075526574,0.075538804,0.053377024,0.053377024,0.053377024,0.053377024,0.053389394,0.053401764,0.03402037,0.03402037,0.03402037,0.03402037,0.03402037,0.03700496,0.032294689,0.032294689,0.032294689,0.032294689,0.032294689,0.032772519,0.025086121
Occupy-Asia-South-America,0.083333333,0.083333333,0.084459458,0.084459458,0.084459458,0.084459458,0.084459458,0.084459458,0.085592986,0.085592986,0.085592986,0.085592986,0.085592986,0.085592986,0.086733756,0.086733756,0.086733756,0.086733756,0.086733756,0.086733756,0.087881603,0.087881603,0.087881603,0.087881603,0.087881603,0.087881603,0.089036356,0.089036356,0.089036356,0.089036356,0.089036356,0.089036356,0.090197841,0.090197841,0.090197841,0.090197841,0.090197841,0.090197841,0.091365877,0.091365877,0.091365877,0.091365877,0.091365877,0.091365877,0.09254028,0.09254028,0.09254028,0.09254028,0.09254028,0.09254028,0.093720859,0.093720859,0.093720859,0.093720859,0.093720859,0.093720859,0.094907422,0.094907422,0.094907422,0.094907422,0.094907422,0.094907422,0.09609977,0.09609977,0.09609977,0.09609977,0.09609977,0.09609977,0.0972977,0.0972977,0.0972977,0.0972977,0.0972977,0.0972977,0.098501005,0.098501005,0.098501005,0.098501005,0.102219739,0.102195398,0.155472176,0.155472176,0.155472176,0.155472176,0.155446003,0.155419827,0.207355238,0.207355238,0.207355238,0.207355238,0.207355238,0.199798591,0.213154111,0.213154111,0.213154111,0.213154111,0.213154111,0.211896979,0.237514516
Occupy-Europe-South-America-Asia,0.083333333,0.083333333,0.084459458,0.084459458,0.084459458,0.084459458,0.084459458,0.084459458,0.085592986,0.085592986,0.085592986,0.085592986,0.085592986,0.085592986,0.086733756,0.086733756,0.086733756,0.086733756,0.086733756,0.086733756,0.087881603,0.087881603,0.087881603,0.087881603,0.087881603,0.087881603,0.089036356,0.089036356,0.089036356,0.089036356,0.089036356,0.089036356,0.090197841,0.090197841,0.090197841,0.090197841,0.090197841,0.090197841,0.091365877,0.091365877,0.091365877,0.091365877,0.091365877,0.091365877,0.09254028,0.09254028,0.09254028,0.09254028,0.09254028,0.09254028,0.093720859,0.093720859,0.093720859,0.093720859,0.093720859,0.093720859,0.094907422,0.094907422,0.094907422,0.094907422,0.094907422,0.094907422,0.09609977,0.09609977,0.09609977,0.09609977,0.09609977,0.09609977,0.0972977,0.0972977,0.0972977,0.0972977,0.0972977,0.0972977,0.098501005,0.098501005,0.098501005,0.098501005,0.100175346,0.100151492,0.143900129,0.143900129,0.143900129,0.143900129,0.143875904,0.143851677,0.168316346,0.168316346,0.168316346,0.168316346,0.168316346,0.162182393,0.169696087,0.169696087,0.169696087,0.169696087,0.169696087,0.16869526,0.178584881
Occupy-North-America-Africa,0.083333333,0.083333333,0.082770271,0.082770271,0.082770271,0.082770271,0.082770271,0.082770271,0.082203507,0.082203507,0.082203507,0.082203507,0.082203507,0.082203507,0.081633122,0.081633122,0.081633122,0.081633122,0.081633122,0.081633122,0.081059199,0.081059199,0.081059199,0.081059199,0.081059199,0.081059199,0.080481822,0.080481822,0.080481822,0.080481822,0.080481822,0.080481822,0.07990108,0.07990108,0.07990108,0.07990108,0.07990108,0.07990108,0.079317061,0.079317061,0.079317061,0.079317061,0.079317061,0.079317061,0.07872986,0.07872986,0.07872986,0.07872986,0.07872986,0.07872986,0.07813957,0.07813957,0.07813957,0.07813957,0.07813957,0.07813957,0.077546289,0.077546289,0.077546289,0.077546289,0.077546289,0.077546289,0.076950115,0.076950115,0.076950115,0.076950115,0.076950115,0.076950115,0.07635115,0.07635115,0.07635115,0.07635115,0.07635115,0.07635115,0.075749497,0.075749497,0.075749497,0.075749497,0.074016044,0.07402803,0.055647412,0.055647412,0.055647412,0.055647412,0.055660308,0.055673204,0.042851248,0.042851248,0.042851248,0.042851248,0.042851248,0.046610566,0.043232855,0.043232855,0.043232855,0.043232855,0.043232855,0.043872526,0.037643713
mr abc,,,,,,,,,,,,,,,,,,,,,,,,,,,,,,,,,,,,,,,,,,,,,,,,,,,,,,,,,,,,,,,,,,,,,,,,,,,,,,,,,,,,,,,,,,,,,,,,,,,
Conquer the continents of EUROPE and AUSTRALIA and a third continent of your choice.,Turn 1,Turn 2,Turn 3,Turn 4,Turn 5,Turn 6,Turn 7,Turn 8,Turn 9,Turn 10,Turn 11,Turn 12,Turn 13,Turn 14,Turn 15,Turn 16,Turn 17,Turn 18,Turn 19,Turn 20,Turn 21,Turn 22,Turn 23,Turn 24,Turn 25,Turn 26,Turn 27,Turn 28,Turn 29,Turn 30,Turn 31,Turn 32,Turn 33,Turn 34,Turn 35,Turn 36,Turn 37,Turn 38,Turn 39,Turn 40,Turn 41,Turn 42,Turn 43,Turn 44,Turn 45,Turn 46,Turn 47,Turn 48,Turn 49,Turn 50,Turn 51,Turn 52,Turn 53,Turn 54,Turn 55,Turn 56,Turn 57,Turn 58,Turn 59,Turn 60,Turn 61,Turn 62,Turn 63,Turn 64,Turn 65,Turn 66,Turn 67,Turn 68,Turn 69,Turn 70,Turn 71,Turn 72,Turn 73,Turn 74,Turn 75,Turn 76,Turn 77,Turn 78,Turn 79,Turn 80,Turn 81,Turn 82,Turn 83,Turn 84,Turn 85,Turn 86,Turn 87,Turn 88,Turn 89,Turn 90,Turn 91,Turn 92,Turn 93,Turn 94,Turn 95,Turn 96,Turn 97,Turn 98,Turn 99
Occupy-Europe-Australia-Asia,0.083333333,0.083333333,0.083333333,0.084175083,0.084175083,0.084175083,0.084175083,0.084175083,0.084175083,0.085016662,0.085016662,0.085016662,0.085016662,0.085016662,0.085016662,0.085857897,0.085857897,0.085857897,0.085857897,0.085857897,0.085857897,0.086698617,0.086698617,0.086698617,0.086698617,0.086698617,0.086698617,0.087538651,0.087538651,0.087538651,0.087538651,0.087538651,0.087538651,0.08837783,0.08837783,0.08837783,0.08837783,0.08837783,0.08837783,0.0889529,0.0889529,0.0889529,0.0889529,0.0889529,0.0889529,0.089523776,0.089523776,0.089523776,0.089523776,0.089523776,0.089523776,0.090090389,0.090090389,0.090090389,0.090090389,0.090090389,0.090090389,0.090652671,0.090652671,0.090652671,0.090652671,0.090652671,0.090652671,0.091210559,0.091210559,0.091210559,0.091210559,0.091210559,0.091210559,0.091763992,0.091763992,0.091763992,0.091763992,0.091763992,0.091763992,0.092312911,0.092312911,0.092312911,0.091733032,0.092658541,0.091382195,0.108935841,0.108935841,0.109296497,0.109296497,0.109296497,0.109296497,0.08086474,0.080723408,0.080723408,0.080723408,0.081516864,0.081516864,0.078175468,0.078173877,0.07850328,0.07850328,0.07850328,0.07850328
Occupy-Europe-South-America-North-America,0.083333333,0.083333333,0.083333333,0.082491583,0.082491583,0.082491583,0.082491583,0.082491583,0.082491583,0.081650005,0.081650005,0.081650005,0.081650005,0.081650005,0.081650005,0.08080877,0.08080877,0.08080877,0.08080877,0.08080877,0.08080877,0.07996805,0.07996805,0.07996805,0.07996805,0.07996805,0.07996805,0.079128015,0.079128015,0.079128015,0.079128015,0.079128015,0.079128015,0.078288837,0.078288837,0.078288837,0.078288837,0.078288837,0.078288837,0.078798258,0.078798258,0.078798258,0.078798258,0.078798258,0.078798258,0.079303964,0.079303964,0.079303964,0.079303964,0.079303964,0.079303964,0.079805894,0.079805894,0.079805894,0.079805894,0.079805894,0.079805894,0.080303987,0.080303987,0.080303987,0.080303987,0.080303987,0.080303987,0.080798188,0.080798188,0.080798188,0.080798188,0.080798188,0.080798188,0.081288443,0.081288443,0.081288443,0.081288443,0.081288443,0.081288443,0.081774699,0.081774699,0.081774699,0.081261017,0.080439256,0.080950231,0.07904242,0.07904242,0.079304108,0.079304108,0.079304108,0.079304108,0.071906119,0.071780445,0.071780445,0.071780445,0.072485997,0.072485997,0.078565242,0.078563643,0.078894689,0.078894689,0.078894689,0.078894689
Occupy-Asia-Africa,0.083333333,0.083333333,0.083333333,0.082491583,0.082491583,0.082491583,0.082491583,0.082491583,0.082491583,0.081650005,0.081650005,0.081650005,0.081650005,0.081650005,0.081650005,0.08080877,0.08080877,0.08080877,0.08080877,0.08080877,0.08080877,0.07996805,0.07996805,0.07996805,0.07996805,0.07996805,0.07996805,0.079128015,0.079128015,0.079128015,0.079128015,0.079128015,0.079128015,0.078288837,0.078288837,0.078288837,0.078288837,0.078288837,0.078288837,0.077222294,0.077222294,0.077222294,0.077222294,0.077222294,0.077222294,0.07616353,0.07616353,0.07616353,0.07616353,0.07616353,0.07616353,0.075112673,0.075112673,0.075112673,0.075112673,0.075112673,0.075112673,0.074069847,0.074069847,0.074069847,0.074069847,0.074069847,0.074069847,0.07303517,0.07303517,0.07303517,0.07303517,0.07303517,0.07303517,0.072008756,0.072008756,0.072008756,0.072008756,0.072008756,0.072008756,0.070990714,0.070990714,0.070990714,0.071955668,0.072681639,0.07168047,0.008924734,0.008924734,0.008775196,0.008775196,0.008775196,0.008775196,0.007786285,0.007934476,0.007934476,0.007934476,0.007695173,0.007695173,0.003426629,0.003427931,0.003373528,0.003373528,0.003373528,0.003373528
Occupy-Europe-South-America-Africa,0.083333333,0.083333333,0.083333333,0.082491583,0.082491583,0.082491583,0.082491583,0.082491583,0.082491583,0.081650005,0.081650005,0.081650005,0.081650005,0.081650005,0.081650005,0.08080877,0.08080877,0.08080877,0.08080877,0.08080877,0.08080877,0.07996805,0.07996805,0.07996805,0.07996805,0.07996805,0.07996805,0.079128015,0.079128015,0.079128015,0.079128015,0.079128015,0.079128015,0.078288837,0.078288837,0.078288837,0.078288837,0.078288837,0.078288837,0.078798258,0.078798258,0.078798258,0.078798258,0.078798258,0.078798258,0.079303964,0.079303964,0.079303964,0.079303964,0.079303964,0.079303964,0.079805894,0.079805894,0.079805894,0.079805894,0.079805894,0.079805894,0.080303987,0.080303987,0.080303987,0.080303987,0.080303987,0.080303987,0.080798188,0.080798188,0.080798188,0.080798188,0.080798188,0.080798188,0.081288443,0.081288443,0.081288443,0.081288443,0.081288443,0.081288443,0.081774699,0.081774699,0.081774699,0.082886236,0.082048039,0.082569234,0.043612997,0.043612997,0.042882241,0.042882241,0.042882241,0.042882241,0.065399079,0.065284777,0.065284777,0.065284777,0.063315795,0.063315795,0.058551877,0.058550686,0.057621455,0.057621455,0.057621455,0.057621455
Occupy-Europe-Australia-South-America,0.083333333,0.083333333,0.083333333,0.084175083,0.084175083,0.084175083,0.084175083,0.084175083,0.084175083,0.085016662,0.085016662,0.085016662,0.085016662,0.085016662,0.085016662,0.085857897,0.085857897,0.085857897,0.085857897,0.085857897,0.085857897,0.086698617,0.086698617,0.086698617,0.086698617,0.086698617,0.086698617,0.087538651,0.087538651,0.087538651,0.087538651,0.087538651,0.087538651,0.08837783,0.08837783,0.08837783,0.08837783,0.08837783,0.08837783,0.0889529,0.0889529,0.0889529,0.0889529,0.0889529,0.0889529,0.089523776,0.089523776,0.089523776,0.089523776,0.089523776,0.089523776,0.090090389,0.090090389,0.090090389,0.090090389,0.090090389,0.090090389,0.090652671,0.090652671,0.090652671,0.090652671,0.090652671,0.090652671,0.091210559,0.091210559,0.091210559,0.091210559,0.091210559,0.091210559,0.091763992,0.091763992,0.091763992,0.091763992,0.091763992,0.091763992,0.092312911,0.092312911,0.092312911,0.091733032,0.090805371,0.091382195,0.173550427,0.173550427,0.174125004,0.174125004,0.174125004,0.174125004,0.17269978,0.172397942,0.172397942,0.172397942,0.174092495,0.174092495,0.191891449,0.191887544,0.192696106,0.192696106,0.192696106,0.192696106
Occupy-Europe-South-America-Australia,0.083333333,0.083333333,0.083333333,0.084175083,0.084175083,0.084175083,0.084175083,0.084175083,0.084175083,0.085016662,0.085016662,0.085016662,0.085016662,0.085016662,0.085016662,0.085857897,0.085857897,0.085857897,0.085857897,0.085857897,0.085857897,0.086698617,0.086698617,0.086698617,0.086698617,0.086698617,0.086698617,0.087538651,0.087538651,0.087538651,0.087538651,0.087538651,0.087538651,0.08837783,0.08837783,0.08837783,0.08837783,0.08837783,0.08837783,0.0889529,0.0889529,0.0889529,0.0889529,0.0889529,0.0889529,0.089523776,0.089523776,0.089523776,0.089523776,0.089523776,0.089523776,0.090090389,0.090090389,0.090090389,0.090090389,0.090090389,0.090090389,0.090652671,0.090652671,0.090652671,0.090652671,0.090652671,0.090652671,0.091210559,0.091210559,0.091210559,0.091210559,0.091210559,0.091210559,0.091763992,0.091763992,0.091763992,0.091763992,0.091763992,0.091763992,0.092312911,0.092312911,0.092312911,0.091733032,0.090805371,0.091382195,0.173550427,0.173550427,0.174125004,0.174125004,0.174125004,0.174125004,0.17269978,0.172397942,0.172397942,0.172397942,0.174092495,0.174092495,0.191891449,0.191887544,0.192696106,0.192696106,0.192696106,0.192696106
Occupy-Europe-Australia-Africa,0.083333333,0.083333333,0.083333333,0.084175083,0.084175083,0.084175083,0.084175083,0.084175083,0.084175083,0.085016662,0.085016662,0.085016662,0.085016662,0.085016662,0.085016662,0.085857897,0.085857897,0.085857897,0.085857897,0.085857897,0.085857897,0.086698617,0.086698617,0.086698617,0.086698617,0.086698617,0.086698617,0.087538651,0.087538651,0.087538651,0.087538651,0.087538651,0.087538651,0.08837783,0.08837783,0.08837783,0.08837783,0.08837783,0.08837783,0.0889529,0.0889529,0.0889529,0.0889529,0.0889529,0.0889529,0.089523776,0.089523776,0.089523776,0.089523776,0.089523776,0.089523776,0.090090389,0.090090389,0.090090389,0.090090389,0.090090389,0.090090389,0.090652671,0.090652671,0.090652671,0.090652671,0.090652671,0.090652671,0.091210559,0.091210559,0.091210559,0.091210559,0.091210559,0.091210559,0.091763992,0.091763992,0.091763992,0.091763992,0.091763992,0.091763992,0.092312911,0.092312911,0.092312911,0.093567691,0.09451171,0.095112077,0.09695619,0.09695619,0.095331642,0.095331642,0.095331642,0.095331642,0.154925823,0.154655051,0.154655051,0.154655051,0.149990671,0.149990671,0.138705284,0.138702462,0.136501181,0.136501181,0.136501181,0.136501181
Occupy-Europe-Australia-North-America,0.083333333,0.083333333,0.083333333,0.084175083,0.084175083,0.084175083,0.084175083,0.084175083,0.084175083,0.085016662,0.085016662,0.085016662,0.085016662,0.085016662,0.085016662,0.085857897,0.085857897,0.085857897,0.085857897,0.085857897,0.085857897,0.086698617,0.086698617,0.086698617,0.086698617,0.086698617,0.086698617,0.087538651,0.087538651,0.087538651,0.087538651,0.087538651,0.087538651,0.08837783,0.08837783,0.08837783,0.08837783,0.08837783,0.08837783,0.0889529,0.0889529,0.0889529,0.0889529,0.0889529,0.0889529,0.089523776,0.089523776,0.089523776,0.089523776,0.089523776,0.089523776,0.090090389,0.090090389,0.090090389,0.090090389,0.090090389,0.090090389,0.090652671,0.090652671,0.090652671,0.090652671,0.090652671,0.090652671,0.091210559,0.091210559,0.091210559,0.091210559,0.091210559,0.091210559,0.091763992,0.091763992,0.091763992,0.091763992,0.091763992,0.091763992,0.092312911,0.092312911,0.092312911,0.091733032,0.092658541,0.093247136,0.166853645,0.166853645,0.167406051,0.167406051,0.167406051,0.167406051,0.163122913,0.162837813,0.162837813,0.162837813,0.164438397,0.164438397,0.178229491,0.178225864,0.178976859,0.178976859,0.178976859,0.178976859
Occupy-North-America-Australia,0.083333333,0.083333333,0.083333333,0.084175083,0.084175083,0.084175083,0.084175083,0.084175083,0.084175083,0.085016662,0.085016662,0.085016662,0.085016662,0.085016662,0.085016662,0.085857897,0.085857897,0.085857897,0.085857897,0.085857897,0.085857897,0.086698617,0.086698617,0.086698617,0.086698617,0.086698617,0.086698617,0.087538651,0.087538651,0.087538651,0.087538651,0.087538651,0.087538651,0.08837783,0.08837783,0.08837783,0.08837783,0.08837783,0.08837783,0.087173844,0.087173844,0.087173844,0.087173844,0.087173844,0.087173844,0.085978638,0.085978638,0.085978638,0.085978638,0.085978638,0.085978638,0.084792358,0.084792358,0.084792358,0.084792358,0.084792358,0.084792358,0.083615144,0.083615144,0.083615144,0.083615144,0.083615144,0.083615144,0.082447129,0.082447129,0.082447129,0.082447129,0.082447129,0.082447129,0.081288443,0.081288443,0.081288443,0.081288443,0.081288443,0.081288443,0.080139206,0.080139206,0.080139206,0.079635799,0.080439256,0.080950231,0.064264988,0.064264988,0.064477751,0.064477751,0.064477751,0.064477751,0.0486988,0.049625651,0.049625651,0.049625651,0.050113437,0.050113437,0.032523798,0.032536151,0.032673249,0.032673249,0.032673249,0.032673249
Occupy-Asia-South-America,0.083333333,0.083333333,0.083333333,0.082491583,0.082491583,0.082491583,0.082491583,0.082491583,0.082491583,0.081650005,0.081650005,0.081650005,0.081650005,0.081650005,0.081650005,0.08080877,0.08080877,0.08080877,0.08080877,0.08080877,0.08080877,0.07996805,0.07996805,0.07996805,0.07996805,0.07996805,0.07996805,0.079128015,0.079128015,0.079128015,0.079128015,0.079128015,0.079128015,0.078288837,0.078288837,0.078288837,0.078288837,0.078288837,0.078288837,0.077222294,0.077222294,0.077222294,0.077222294,0.077222294,0.077222294,0.07616353,0.07616353,0.07616353,0.07616353,0.07616353,0.07616353,0.075112673,0.075112673,0.075112673,0.075112673,0.075112673,0.075112673,0.074069847,0.074069847,0.074069847,0.074069847,0.074069847,0.074069847,0.07303517,0.07303517,0.07303517,0.07303517,0.07303517,0.07303517,0.072008756,0.072008756,0.072008756,0.072008756,0.072008756,0.072008756,0.070990714,0.070990714,0.070990714,0.070544774,0.069831381,0.068869474,0.01897376,0.01897376,0.019036577,0.019036577,0.019036577,0.019036577,0.010032212,0.010223148,0.010223148,0.010223148,0.010323635,0.010323635,0.005786677,0.005788875,0.005813268,0.005813268,0.005813268,0.005813268
Occupy-Europe-South-America-Asia,0.083333333,0.083333333,0.083333333,0.082491583,0.082491583,0.082491583,0.082491583,0.082491583,0.082491583,0.081650005,0.081650005,0.081650005,0.081650005,0.081650005,0.081650005,0.08080877,0.08080877,0.08080877,0.08080877,0.08080877,0.08080877,0.07996805,0.07996805,0.07996805,0.07996805,0.07996805,0.07996805,0.079128015,0.079128015,0.079128015,0.079128015,0.079128015,0.079128015,0.078288837,0.078288837,0.078288837,0.078288837,0.078288837,0.078288837,0.078798258,0.078798258,0.078798258,0.078798258,0.078798258,0.078798258,0.079303964,0.079303964,0.079303964,0.079303964,0.079303964,0.079303964,0.079805894,0.079805894,0.079805894,0.079805894,0.079805894,0.079805894,0.080303987,0.080303987,0.080303987,0.080303987,0.080303987,0.080303987,0.080798188,0.080798188,0.080798188,0.080798188,0.080798188,0.080798188,0.081288443,0.081288443,0.081288443,0.081288443,0.081288443,0.081288443,0.081774699,0.081774699,0.081774699,0.081261017,0.080439256,0.079331228,0.049838612,0.049838612,0.050003614,0.050003614,0.050003614,0.050003614,0.034274471,0.034214568,0.034214568,0.034214568,0.034550873,0.034550873,0.033134625,0.03313395,0.033273568,0.033273568,0.033273568,0.033273568
Occupy-North-America-Africa,0.083333333,0.083333333,0.083333333,0.082491583,0.082491583,0.082491583,0.082491583,0.082491583,0.082491583,0.081650005,0.081650005,0.081650005,0.081650005,0.081650005,0.081650005,0.08080877,0.08080877,0.08080877,0.08080877,0.08080877,0.08080877,0.07996805,0.07996805,0.07996805,0.07996805,0.07996805,0.07996805,0.079128015,0.079128015,0.079128015,0.079128015,0.079128015,0.079128015,0.078288837,0.078288837,0.078288837,0.078288837,0.078288837,0.078288837,0.077222294,0.077222294,0.077222294,0.077222294,0.077222294,0.077222294,0.07616353,0.07616353,0.07616353,0.07616353,0.07616353,0.07616353,0.075112673,0.075112673,0.075112673,0.075112673,0.075112673,0.075112673,0.074069847,0.074069847,0.074069847,0.074069847,0.074069847,0.074069847,0.07303517,0.07303517,0.07303517,0.07303517,0.07303517,0.07303517,0.072008756,0.072008756,0.072008756,0.072008756,0.072008756,0.072008756,0.070990714,0.070990714,0.070990714,0.071955668,0.072681639,0.073143335,0.015495958,0.015495958,0.015236316,0.015236316,0.015236316,0.015236316,0.017589999,0.017924777,0.017924777,0.017924777,0.017384168,0.017384168,0.00911801,0.009121473,0.008976711,0.008976711,0.008976711,0.008976711
newplayer,,,,,,,,,,,,,,,,,,,,,,,,,,,,,,,,,,,,,,,,,,,,,,,,,,,,,,,,,,,,,,,,,,,,,,,,,,,,,,,,,,,,,,,,,,,,,,,,,,,
Conquer the continents of EUROPE and SOUTH AMERICA and a third continent of your choice.,Turn 1,Turn 2,Turn 3,Turn 4,Turn 5,Turn 6,Turn 7,Turn 8,Turn 9,Turn 10,Turn 11,Turn 12,Turn 13,Turn 14,Turn 15,Turn 16,Turn 17,Turn 18,Turn 19,Turn 20,Turn 21,Turn 22,Turn 23,Turn 24,Turn 25,Turn 26,Turn 27,Turn 28,Turn 29,Turn 30,Turn 31,Turn 32,Turn 33,Turn 34,Turn 35,Turn 36,Turn 37,Turn 38,Turn 39,Turn 40,Turn 41,Turn 42,Turn 43,Turn 44,Turn 45,Turn 46,Turn 47,Turn 48,Turn 49,Turn 50,Turn 51,Turn 52,Turn 53,Turn 54,Turn 55,Turn 56,Turn 57,Turn 58,Turn 59,Turn 60,Turn 61,Turn 62,Turn 63,Turn 64,Turn 65,Turn 66,Turn 67,Turn 68,Turn 69,Turn 70,Turn 71,Turn 72,Turn 73,Turn 74,Turn 75,Turn 76,Turn 77,Turn 78,Turn 79,Turn 80,Turn 81,Turn 82,Turn 83,Turn 84,Turn 85,Turn 86,Turn 87,Turn 88,Turn 89,Turn 90,Turn 91,Turn 92,Turn 93,Turn 94,Turn 95,Turn 96,Turn 97,Turn 98,Turn 99
Occupy-Europe-Australia-Asia,0.083333333,0.083333333,0.083333333,0.083333333,0.082770271,0.082770271,0.082770271,0.082770271,0.082770271,0.082770271,0.082203507,0.082203507,0.082203507,0.082203507,0.082203507,0.082203507,0.081633122,0.081633122,0.081633122,0.081633122,0.081633122,0.081633122,0.081059199,0.081059199,0.081059199,0.081059199,0.081059199,0.081059199,0.080481822,0.080481822,0.080481822,0.080481822,0.080481822,0.080481822,0.07990108,0.07990108,0.07990108,0.07990108,0.07990108,0.07990108,0.079317061,0.079317061,0.079317061,0.079317061,0.079317061,0.079317061,0.080118243,0.080118243,0.080118243,0.080118243,0.080118243,0.080118243,0.079525111,0.079525111,0.079525111,0.079525111,0.079525111,0.079525111,0.080320199,0.080320199,0.080320199,0.080320199,0.080320199,0.080320199,0.079717985,0.079717985,0.079717985,0.079717985,0.079717985,0.079717985,0.08050679,0.08050679,0.08050679,0.08050679,0.08050679,0.08050679,0.079895535,0.079895535,0.08050679,0.081285853,0.080131134,0.080115697,0.06819965,0.069454315,0.069454315,0.069454315,0.069454315,0.069454315,0.079374741,0.078762366,0.079387085,0.079387085,0.079387085,0.078433264,0.081853167,0.081853167,0.081853167,0.081853167,0.081853167
Occupy-Europe-South-America-North-America,0.083333333,0.083333333,0.083333333,0.083333333,0.084459458,0.084459458,0.084459458,0.084459458,0.084459458,0.084459458,0.085592986,0.085592986,0.085592986,0.085592986,0.085592986,0.085592986,0.086733756,0.086733756,0.086733756,0.086733756,0.086733756,0.086733756,0.087881603,0.087881603,0.087881603,0.087881603,0.087881603,0.087881603,0.089036356,0.089036356,0.089036356,0.089036356,0.089036356,0.089036356,0.090197841,0.090197841,0.090197841,0.090197841,0.090197841,0.090197841,0.091365877,0.091365877,0.091365877,0.091365877,0.091365877,0.091365877,0.09044299,0.09044299,0.09044299,0.09044299,0.09044299,0.09044299,0.09160553,0.09160553,0.09160553,0.09160553,0.09160553,0.09160553,0.090670971,0.090670971,0.090670971,0.090670971,0.090670971,0.090670971,0.091827704,0.091827704,0.091827704,0.091827704,0.091827704,0.091827704,0.090881608,0.090881608,0.090881608,0.090881608,0.090881608,0.090881608,0.092032225,0.092032225,0.090881608,0.089925849,0.09049374,0.090512511,0.105284148,0.102892741,0.102892741,0.102892741,0.102892741,0.102892741,0.10299324,0.10424262,0.102968054,0.102968054,0.102968054,0.101730912,0.103315812,0.103315812,0.103315812,0.103315812,0.103315812
Occupy-Asia-Africa,0.083333333,0.083333333,0.083333333,0.083333333,0.082770271,0.082770271,0.082770271,0.082770271,0.082770271,0.082770271,0.082203507,0.082203507,0.082203507,0.082203507,0.082203507,0.082203507,0.081633122,0.081633122,0.081633122,0.081633122,0.081633122,0.081633122,0.081059199,0.081059199,0.081059199,0.081059199,0.081059199,0.081059199,0.080481822,0.080481822,0.080481822,0.080481822,0.080481822,0.080481822,0.07990108,0.07990108,0.07990108,0.07990108,0.07990108,0.07990108,0.079317061,0.079317061,0.079317061,0.079317061,0.079317061,0.079317061,0.07851588,0.07851588,0.07851588,0.07851588,0.07851588,0.07851588,0.07793461,0.07793461,0.07793461,0.07793461,0.07793461,0.07793461,0.077139522,0.077139522,0.077139522,0.077139522,0.077139522,0.077139522,0.076561156,0.076561156,0.076561156,0.076561156,0.076561156,0.076561156,0.075772351,0.075772351,0.075772351,0.075772351,0.075772351,0.075772351,0.075197043,0.075197043,0.075772351,0.076505599,0.075418787,0.075434431,0.066221363,0.067439633,0.067439633,0.067439633,0.067439633,0.067439633,0.061019635,0.060548869,0.061029125,0.061029125,0.061029125,0.062782038,0.058810327,0.058810327,0.058810327,0.058810327,0.058810327
Occupy-Europe-South-America-Africa,0.083333333,0.083333333,0.083333333,0.083333333,0.082770271,0.082770271,0.082770271,0.082770271,0.082770271,0.082770271,0.082203507,0.082203507,0.082203507,0.082203507,0.082203507,0.082203507,0.081633122,0.081633122,0.081633122,0.081633122,0.081633122,0.081633122,0.081059199,0.081059199,0.081059199,0.081059199,0.081059199,0.081059199,0.080481822,0.080481822,0.080481822,0.080481822,0.080481822,0.080481822,0.07990108,0.07990108,0.07990108,0.07990108,0.07990108,0.07990108,0.079317061,0.079317061,0.079317061,0.079317061,0.079317061,0.079317061,0.07851588,0.07851588,0.07851588,0.07851588,0.07851588,0.07851588,0.07793461,0.07793461,0.07793461,0.07793461,0.07793461,0.07793461,0.077139522,0.077139522,0.077139522,0.077139522,0.077139522,0.077139522,0.076561156,0.076561156,0.076561156,0.076561156,0.076561156,0.076561156,0.075772351,0.075772351,0.075772351,0.075772351,0.075772351,0.075772351,0.075197043,0.075197043,0.075772351,0.074975488,0.075448966,0.075464617,0.068979448,0.070248459,0.070248459,0.070248459,0.070248459,0.070248459,0.080282315,0.079662938,0.080294801,0.080294801,0.080294801,0.079330074,0.08278908,0.08278908,0.08278908,0.08278908,0.08278908
Occupy-Europe-Australia-South-America,0.083333333,0.083333333,0.083333333,0.083333333,0.082770271,0.082770271,0.082770271,0.082770271,0.082770271,0.082770271,0.082203507,0.082203507,0.082203507,0.082203507,0.082203507,0.082203507,0.081633122,0.081633122,0.081633122,0.081633122,0.081633122,0.081633122,0.081059199,0.081059199,0.081059199,0.081059199,0.081059199,0.081059199,0.080481822,0.080481822,0.080481822,0.080481822,0.080481822,0.080481822,0.07990108,0.07990108,0.07990108,0.07990108,0.07990108,0.07990108,0.079317061,0.079317061,0.079317061,0.079317061,0.079317061,0.079317061,0.080118243,0.080118243,0.080118243,0.080118243,0.080118243,0.080118243,0.079525111,0.079525111,0.079525111,0.079525111,0.079525111,0.079525111,0.080320199,0.080320199,0.080320199,0.080320199,0.080320199,0.080320199,0.079717985,0.079717985,0.079717985,0.079717985,0.079717985,0.079717985,0.08050679,0.08050679,0.08050679,0.08050679,0.08050679,0.08050679,0.079895535,0.079895535,0.08050679,0.079660137,0.080163199,0.080147756,0.073260134,0.074607896,0.074607896,0.074607896,0.074607896,0.074607896,0.085264428,0.084606614,0.085277688,0.085277688,0.085277688,0.084253093,0.087926756,0.087926756,0.087926756,0.087926756,0.087926756
Occupy-Europe-South-America-Australia,0.083333333,0.083333333,0.083333333,0.083333333,0.082770271,0.082770271,0.082770271,0.082770271,0.082770271,0.082770271,0.082203507,0.082203507,0.082203507,0.082203507,0.082203507,0.082203507,0.081633122,0.081633122,0.081633122,0.081633122,0.081633122,0.081633122,0.081059199,0.081059199,0.081059199,0.081059199,0.081059199,0.081059199,0.080481822,0.080481822,0.080481822,0.080481822,0.080481822,0.080481822,0.07990108,0.07990108,0.07990108,0.07990108,0.07990108,0.07990108,0.079317061,0.079317061,0.079317061,0.079317061,0.079317061,0.079317061,0.080118243,0.080118243,0.080118243,0.080118243,0.080118243,0.080118243,0.079525111,0.079525111,0.079525111,0.079525111,0.079525111,0.079525111,0.080320199,0.080320199,0.080320199,0.080320199,0.080320199,0.080320199,0.079717985,0.079717985,0.079717985,0.079717985,0.079717985,0.079717985,0.08050679,0.08050679,0.08050679,0.08050679,0.08050679,0.08050679,0.079895535,0.079895535,0.08050679,0.079660137,0.080163199,0.080147756,0.073260134,0.074607896,0.074607896,0.074607896,0.074607896,0.074607896,0.085264428,0.084606614,0.085277688,0.085277688,0.085277688,0.084253093,0.087926756,0.087926756,0.087926756,0.087926756,0.087926756
Occupy-North-America-Australia,0.083333333,0.083333333,0.083333333,0.083333333,0.084459458,0.084459458,0.084459458,0.084459458,0.084459458,0.084459458,0.085592986,0.085592986,0.085592986,0.085592986,0.085592986,0.085592986,0.086733756,0.086733756,0.086733756,0.086733756,0.086733756,0.086733756,0.087881603,0.087881603,0.087881603,0.087881603,0.087881603,0.087881603,0.089036356,0.089036356,0.089036356,0.089036356,0.089036356,0.089036356,0.090197841,0.090197841,0.090197841,0.090197841,0.090197841,0.090197841,0.091365877,0.091365877,0.091365877,0.091365877,0.091365877,0.091365877,0.092288764,0.092288764,0.092288764,0.092288764,0.092288764,0.092288764,0.093475029,0.093475029,0.093475029,0.093475029,0.093475029,0.093475029,0.094409588,0.094409588,0.094409588,0.094409588,0.094409588,0.094409588,0.095614015,0.095614015,0.095614015,0.095614015,0.095614015,0.095614015,0.09656011,0.09656011,0.09656011,0.09656011,0.09656011,0.09656011,0.09778262,0.09778262,0.09656011,0.097494521,0.098110209,0.098091308,0.117488907,0.114820283,0.114820283,0.114820283,0.114820283,0.114820283,0.08968951,0.090777507,0.089667578,0.089667578,0.089667578,0.09224306,0.083709207,0.083709207,0.083709207,0.083709207,0.083709207
Occupy-Europe-Australia-North-America,0.083333333,0.083333333,0.083333333,0.083333333,0.084459458,0.084459458,0.084459458,0.084459458,0.084459458,0.084459458,0.085592986,0.085592986,0.085592986,0.085592986,0.085592986,0.085592986,0.086733756,0.086733756,0.086733756,0.086733756,0.086733756,0.086733756,0.087881603,0.087881603,0.087881603,0.087881603,0.087881603,0.087881603,0.089036356,0.089036356,0.089036356,0.089036356,0.089036356,0.089036356,0.090197841,0.090197841,0.090197841,0.090197841,0.090197841,0.090197841,0.091365877,0.091365877,0.091365877,0.091365877,0.091365877,0.091365877,0.092288764,0.092288764,0.092288764,0.092288764,0.092288764,0.092288764,0.093475029,0.093475029,0.093475029,0.093475029,0.093475029,0.093475029,0.094409588,0.094409588,0.094409588,0.094409588,0.094409588,0.094409588,0.095614015,0.095614015,0.095614015,0.095614015,0.095614015,0.095614015,0.09656011,0.09656011,0.09656011,0.09656011,0.09656011,0.09656011,0.09778262,0.09778262,0.09656011,0.097494521,0.098110209,0.098091308,0.114099804,0.111508159,0.111508159,0.111508159,0.111508159,0.111508159,0.111617074,0.112971067,0.111589779,0.111589779,0.111589779,0.110249049,0.111966655,0.111966655,0.111966655,0.111966655,0.111966655
Occupy-Europe-Australia-Africa,0.083333333,0.083333333,0.083333333,0.083333333,0.082770271,0.082770271,0.082770271,0.082770271,0.082770271,0.082770271,0.082203507,0.082203507,0.082203507,0.082203507,0.082203507,0.082203507,0.081633122,0.081633122,0.081633122,0.081633122,0.081633122,0.081633122,0.081059199,0.081059199,0.081059199,0.081059199,0.081059199,0.081059199,0.080481822,0.080481822,0.080481822,0.080481822,0.080481822,0.080481822,0.07990108,0.07990108,0.07990108,0.07990108,0.07990108,0.07990108,0.079317061,0.079317061,0.079317061,0.079317061,0.079317061,0.079317061,0.080118243,0.080118243,0.080118243,0.080118243,0.080118243,0.080118243,0.079525111,0.079525111,0.079525111,0.079525111,0.079525111,0.079525111,0.080320199,0.080320199,0.080320199,0.080320199,0.080320199,0.080320199,0.079717985,0.079717985,0.079717985,0.079717985,0.079717985,0.079717985,0.08050679,0.08050679,0.08050679,0.08050679,0.08050679,0.08050679,0.079895535,0.079895535,0.08050679,0.081285853,0.081799181,0.081783423,0.074755237,0.076130505,0.076130505,0.076130505,0.076130505,0.076130505,0.087004517,0.086333278,0.087018048,0.087018048,0.087018048,0.085972542,0.089721178,0.089721178,0.089721178,0.089721178,0.089721178
Occupy-Asia-South-America,0.083333333,0.083333333,0.083333333,0.083333333,0.082770271,0.082770271,0.082770271,0.082770271,0.082770271,0.082770271,0.082203507,0.082203507,0.082203507,0.082203507,0.082203507,0.082203507,0.081633122,0.081633122,0.081633122,0.081633122,0.081633122,0.081633122,0.081059199,0.081059199,0.081059199,0.081059199,0.081059199,0.081059199,0.080481822,0.080481822,0.080481822,0.080481822,0.080481822,0.080481822,0.07990108,0.07990108,0.07990108,0.07990108,0.07990108,0.07990108,0.079317061,0.079317061,0.079317061,0.079317061,0.079317061,0.079317061,0.07851588,0.07851588,0.07851588,0.07851588,0.07851588,0.07851588,0.07793461,0.07793461,0.07793461,0.07793461,0.07793461,0.07793461,0.077139522,0.077139522,0.077139522,0.077139522,0.077139522,0.077139522,0.076561156,0.076561156,0.076561156,0.076561156,0.076561156,0.076561156,0.075772351,0.075772351,0.075772351,0.075772351,0.075772351,0.075772351,0.075197043,0.075197043,0.075772351,0.074975488,0.073910413,0.073925744,0.064896937,0.066090842,0.066090842,0.066090842,0.066090842,0.066090842,0.059799243,0.059337893,0.059808543,0.059808543,0.059808543,0.061526398,0.057634122,0.057634122,0.057634122,0.057634122,0.057634122
Occupy-Europe-South-America-Asia,0.083333333,0.083333333,0.083333333,0.083333333,0.082770271,0.082770271,0.082770271,0.082770271,0.082770271,0.082770271,0.082203507,0.082203507,0.082203507,0.082203507,0.082203507,0.082203507,0.081633122,0.081633122,0.081633122,0.081633122,0.081633122,0.081633122,0.081059199,0.081059199,0.081059199,0.081059199,0.081059199,0.081059199,0.080481822,0.080481822,0.080481822,0.080481822,0.080481822,0.080481822,0.07990108,0.07990108,0.07990108,0.07990108,0.07990108,0.07990108,0.079317061,0.079317061,0.079317061,0.079317061,0.079317061,0.079317061,0.07851588,0.07851588,0.07851588,0.07851588,0.07851588,0.07851588,0.07793461,0.07793461,0.07793461,0.07793461,0.07793461,0.07793461,0.077139522,0.077139522,0.077139522,0.077139522,0.077139522,0.077139522,0.076561156,0.076561156,0.076561156,0.076561156,0.076561156,0.076561156,0.075772351,0.075772351,0.075772351,0.075772351,0.075772351,0.075772351,0.075197043,0.075197043,0.075772351,0.074975488,0.073910413,0.073925744,0.062930363,0.064088089,0.064088089,0.064088089,0.064088089,0.064088089,0.073242036,0.072676975,0.073253427,0.073253427,0.073253427,0.072373301,0.075528972,0.075528972,0.075528972,0.075528972,0.075528972
Occupy-North-America-Africa,0.083333333,0.083333333,0.083333333,0.083333333,0.084459458,0.084459458,0.084459458,0.084459458,0.084459458,0.084459458,0.085592986,0.085592986,0.085592986,0.085592986,0.085592986,0.085592986,0.086733756,0.086733756,0.086733756,0.086733756,0.086733756,0.086733756,0.087881603,0.087881603,0.087881603,0.087881603,0.087881603,0.087881603,0.089036356,0.089036356,0.089036356,0.089036356,0.089036356,0.089036356,0.090197841,0.090197841,0.090197841,0.090197841,0.090197841,0.090197841,0.091365877,0.091365877,0.091365877,0.091365877,0.091365877,0.091365877,0.09044299,0.09044299,0.09044299,0.09044299,0.09044299,0.09044299,0.09160553,0.09160553,0.09160553,0.09160553,0.09160553,0.09160553,0.090670971,0.090670971,0.090670971,0.090670971,0.090670971,0.090670971,0.091827704,0.091827704,0.091827704,0.091827704,0.091827704,0.091827704,0.090881608,0.090881608,0.090881608,0.090881608,0.090881608,0.090881608,0.092032225,0.092032225,0.090881608,0.091761068,0.092340549,0.092359704,0.110623875,0.108111182,0.108111182,0.108111182,0.108111182,0.108111182,0.084448834,0.085473257,0.084428183,0.084428183,0.084428183,0.086853177,0.078817968,0.078817968,0.078817968,0.078817968,0.078817968
