s0914007,,,,,,,,,,,,,,,,,,,,,,,,,,,,,,,,,,,,,,,,,,,,,,,,,,,,,,,,,,,,,,,,,,,,,,,,,,,,,,,,,,,,,,,,,,,,,,,,,,,,,,,,,,,,,,,
LOSER,,,,,,,,,,,,,,,,,,,,,,,,,,,,,,,,,,,,,,,,,,,,,,,,,,,,,,,,,,,,,,,,,,,,,,,,,,,,,,,,,,,,,,,,,,,,,,,,,,,,,,,,,,,,,,,
Conquer the continents of ASIA and SOUTH AMERICA., Turn 1, Turn 2, Turn 3, Turn 4, Turn 5, Turn 6, Turn 7, Turn 8, Turn 9, Turn 10, Turn 11, Turn 12, Turn 13, Turn 14, Turn 15, Turn 16, Turn 17, Turn 18, Turn 19, Turn 20, Turn 21, Turn 22, Turn 23, Turn 24, Turn 25, Turn 26, Turn 27, Turn 28, Turn 29, Turn 30, Turn 31, Turn 32, Turn 33, Turn 34, Turn 35, Turn 36, Turn 37, Turn 38, Turn 39, Turn 40, Turn 41, Turn 42, Turn 43, Turn 44, Turn 45, Turn 46, Turn 47, Turn 48, Turn 49, Turn 50, Turn 51, Turn 52, Turn 53, Turn 54, Turn 55, Turn 56, Turn 57, Turn 58, Turn 59, Turn 60, Turn 61, Turn 62, Turn 63, Turn 64, Turn 65, Turn 66, Turn 67, Turn 68, Turn 69, Turn 70, Turn 71, Turn 72, Turn 73, Turn 74, Turn 75, Turn 76, Turn 77, Turn 78, Turn 79, Turn 80, Turn 81, Turn 82, Turn 83, Turn 84, Turn 85, Turn 86, Turn 87, Turn 88, Turn 89, Turn 90, Turn 91, Turn 92, Turn 93, Turn 94, Turn 95, Turn 96, Turn 97, Turn 98, Turn 99, Turn 100, Turn 101, Turn 102, Turn 103, Turn 104, Turn 105, Turn 106, Turn 107, Turn 108, Turn 109, Turn 110, Turn 111
Occupy-Europe-Australia-Asia,0.083333333,0.083333333,0.083333333,0.082770271,0.082770271,0.082770271,0.082203507,0.082203507,0.082203507,0.082203507,0.081633122,0.081633122,0.081633122,0.081633122,0.081059199,0.081059199,0.081059199,0.081059199,0.080481822,0.080481822,0.080481822,0.080481822,0.07990108,0.07990108,0.07990108,0.07990108,0.079317061,0.079317061,0.079317061,0.079317061,0.07872986,0.07872986,0.07872986,0.07872986,0.07795636,0.07795636,0.07795636,0.07795636,0.077182585,0.077182585,0.077182585,0.077182585,0.076408694,0.076408694,0.076408694,0.076408694,0.075634846,0.075634846,0.075634846,0.075634846,0.074861196,0.074861196,0.074861196,0.074861196,0.074087905,0.074087905,0.074087905,0.074087905,0.073315128,0.073315128,0.073315128,0.073315128,0.072543023,0.072543023,0.072543023,0.072543023,0.072019734,0.072019734,0.072019734,0.072019734,0.071493491,0.071493491,0.071493491,0.071493491,0.070964377,0.070964377,0.070964377,0.070964377,0.061490396,0.061490396,0.061490396,0.061490396,0.050425814,0.04973479,0.050004084,0.050004084,0.060655365,0.060655365,0.060925323,0.059817208,0.074554818,0.074554818,0.074789597,0.07478481,0.06628365,0.06628365,0.066053246,0.066916373,0.051412046,0.051412046,0.051412046,0.052161549,0.038911087,0.038911087,0.0387414,0.038396197,0.036326828,0.036164691,0.036164691,0.039189074,0.024522113
Occupy-Europe-South-America-North-America,0.083333333,0.083333333,0.081666668,0.082770271,0.082770271,0.082770271,0.082203507,0.082203507,0.082203507,0.082203507,0.081633122,0.081633122,0.081633122,0.081633122,0.081059199,0.081059199,0.081059199,0.081059199,0.080481822,0.080481822,0.080481822,0.080481822,0.07990108,0.07990108,0.07990108,0.07990108,0.079317061,0.079317061,0.079317061,0.079317061,0.07872986,0.07872986,0.07872986,0.07872986,0.079547304,0.079547304,0.079547304,0.079547304,0.080365037,0.080365037,0.080365037,0.080365037,0.081182893,0.081182893,0.081182893,0.081182893,0.082000705,0.082000705,0.082000705,0.082000705,0.082818306,0.082818306,0.082818306,0.082818306,0.083635529,0.083635529,0.083635529,0.083635529,0.084452208,0.084452208,0.084452208,0.084452208,0.085268177,0.085268177,0.085268177,0.085268177,0.084653095,0.084653095,0.084653095,0.084653095,0.084034541,0.084034541,0.084034541,0.084034541,0.083412612,0.083412612,0.083412612,0.083412612,0.06242083,0.06242083,0.06242083,0.06242083,0.044208531,0.044492558,0.043838798,0.043838798,0.045414531,0.045414531,0.044704325,0.043891239,0.040090473,0.040090473,0.039412387,0.039409865,0.033443569,0.033443569,0.033327318,0.033762811,0.024824497,0.024824497,0.024824497,0.025186397,0.01837992,0.01837992,0.018299767,0.018136708,0.017159227,0.017082641,0.017082641,0.018511229,0.009832328
Occupy-Europe-South-America-Africa,0.083333333,0.083333333,0.083333333,0.084459458,0.084459458,0.084459458,0.085592986,0.085592986,0.085592986,0.085592986,0.086733756,0.086733756,0.086733756,0.086733756,0.087881603,0.087881603,0.087881603,0.087881603,0.089036356,0.089036356,0.089036356,0.089036356,0.090197841,0.090197841,0.090197841,0.090197841,0.091365877,0.091365877,0.091365877,0.091365877,0.09254028,0.09254028,0.09254028,0.09254028,0.093501116,0.093501116,0.093501116,0.093501116,0.094462292,0.094462292,0.094462292,0.094462292,0.095423612,0.095423612,0.095423612,0.095423612,0.096384881,0.096384881,0.096384881,0.096384881,0.097345901,0.097345901,0.097345901,0.097345901,0.098306478,0.098306478,0.098306478,0.098306478,0.099266414,0.099266414,0.099266414,0.099266414,0.100225517,0.100225517,0.100225517,0.100225517,0.101533202,0.101533202,0.101533202,0.101533202,0.10284827,0.10284827,0.10284827,0.10284827,0.104170511,0.104170511,0.104170511,0.104170511,0.128997909,0.128997909,0.128997909,0.128997909,0.154267056,0.155258177,0.156098838,0.156098838,0.176515758,0.176515758,0.177301374,0.174076601,0.208250789,0.208250789,0.208906588,0.208893216,0.222084633,0.222084633,0.221312657,0.219632608,0.234151794,0.234151794,0.234151794,0.232814042,0.250383265,0.250383265,0.249291375,0.247070077,0.25342828,0.252297158,0.252297158,0.247128608,0.238860126
Occupy-Asia-Africa,0.083333333,0.083333333,0.083333333,0.084459458,0.084459458,0.084459458,0.085592986,0.085592986,0.085592986,0.085592986,0.086733756,0.086733756,0.086733756,0.086733756,0.087881603,0.087881603,0.087881603,0.087881603,0.089036356,0.089036356,0.089036356,0.089036356,0.090197841,0.090197841,0.090197841,0.090197841,0.091365877,0.091365877,0.091365877,0.091365877,0.09254028,0.09254028,0.09254028,0.09254028,0.091631095,0.091631095,0.091631095,0.091631095,0.090721589,0.090721589,0.090721589,0.090721589,0.089811946,0.089811946,0.089811946,0.089811946,0.088902352,0.088902352,0.088902352,0.088902352,0.087992993,0.087992993,0.087992993,0.087992993,0.087084054,0.087084054,0.087084054,0.087084054,0.086175721,0.086175721,0.086175721,0.086175721,0.085268177,0.085268177,0.085268177,0.085268177,0.086380707,0.086380707,0.086380707,0.086380707,0.087499518,0.087499518,0.087499518,0.087499518,0.088624433,0.088624433,0.088624433,0.088624433,0.117315404,0.117315404,0.117315404,0.117315404,0.14997168,0.147916503,0.148717412,0.148717412,0.118659966,0.118659966,0.119188084,0.12433199,0.071664091,0.071664091,0.071889767,0.071913931,0.080866109,0.080866109,0.082229606,0.081605377,0.101182283,0.101182283,0.101182283,0.10060421,0.112061637,0.112061637,0.113849947,0.117488014,0.115739248,0.117574152,0.117574152,0.115165532,0.142030932
Occupy-Europe-South-America-Australia,0.083333333,0.083333333,0.083333333,0.082770271,0.082770271,0.082770271,0.082203507,0.082203507,0.082203507,0.082203507,0.081633122,0.081633122,0.081633122,0.081633122,0.081059199,0.081059199,0.081059199,0.081059199,0.080481822,0.080481822,0.080481822,0.080481822,0.07990108,0.07990108,0.07990108,0.07990108,0.079317061,0.079317061,0.079317061,0.079317061,0.07872986,0.07872986,0.07872986,0.07872986,0.079547304,0.079547304,0.079547304,0.079547304,0.080365037,0.080365037,0.080365037,0.080365037,0.081182893,0.081182893,0.081182893,0.081182893,0.082000705,0.082000705,0.082000705,0.082000705,0.082818306,0.082818306,0.082818306,0.082818306,0.083635529,0.083635529,0.083635529,0.083635529,0.084452208,0.084452208,0.084452208,0.084452208,0.085268177,0.085268177,0.085268177,0.085268177,0.084653095,0.084653095,0.084653095,0.084653095,0.084034541,0.084034541,0.084034541,0.084034541,0.083412612,0.083412612,0.083412612,0.083412612,0.07227675,0.07227675,0.07227675,0.07227675,0.059271271,0.059652072,0.059975064,0.059975064,0.070263242,0.070263242,0.070575962,0.06929232,0.078105862,0.078105862,0.078351824,0.078346809,0.067963277,0.067963277,0.067727034,0.068612033,0.050447789,0.050447789,0.050447789,0.051183236,0.037351263,0.037351263,0.037188379,0.036857014,0.034870599,0.034714962,0.034714962,0.037618107,0.019981038
Occupy-Europe-Australia-South-America,0.083333333,0.083333333,0.083333333,0.082770271,0.082770271,0.082770271,0.082203507,0.082203507,0.082203507,0.082203507,0.081633122,0.081633122,0.081633122,0.081633122,0.081059199,0.081059199,0.081059199,0.081059199,0.080481822,0.080481822,0.080481822,0.080481822,0.07990108,0.07990108,0.07990108,0.07990108,0.079317061,0.079317061,0.079317061,0.079317061,0.07872986,0.07872986,0.07872986,0.07872986,0.079547304,0.079547304,0.079547304,0.079547304,0.080365037,0.080365037,0.080365037,0.080365037,0.081182893,0.081182893,0.081182893,0.081182893,0.082000705,0.082000705,0.082000705,0.082000705,0.082818306,0.082818306,0.082818306,0.082818306,0.083635529,0.083635529,0.083635529,0.083635529,0.084452208,0.084452208,0.084452208,0.084452208,0.085268177,0.085268177,0.085268177,0.085268177,0.084653095,0.084653095,0.084653095,0.084653095,0.084034541,0.084034541,0.084034541,0.084034541,0.083412612,0.083412612,0.083412612,0.083412612,0.07227675,0.07227675,0.07227675,0.07227675,0.059271271,0.059652072,0.059975064,0.059975064,0.070263242,0.070263242,0.070575962,0.06929232,0.078105862,0.078105862,0.078351824,0.078346809,0.067963277,0.067963277,0.067727034,0.068612033,0.050447789,0.050447789,0.050447789,0.051183236,0.037351263,0.037351263,0.037188379,0.036857014,0.034870599,0.034714962,0.034714962,0.037618107,0.019981038
Occupy-Europe-Australia-North-America,0.083333333,0.083333333,0.083333333,0.082770271,0.082770271,0.082770271,0.082203507,0.082203507,0.082203507,0.082203507,0.081633122,0.081633122,0.081633122,0.081633122,0.081059199,0.081059199,0.081059199,0.081059199,0.080481822,0.080481822,0.080481822,0.080481822,0.07990108,0.07990108,0.07990108,0.07990108,0.079317061,0.079317061,0.079317061,0.079317061,0.07872986,0.07872986,0.07872986,0.07872986,0.07795636,0.07795636,0.07795636,0.07795636,0.077182585,0.077182585,0.077182585,0.077182585,0.076408694,0.076408694,0.076408694,0.076408694,0.075634846,0.075634846,0.075634846,0.075634846,0.074861196,0.074861196,0.074861196,0.074861196,0.074087905,0.074087905,0.074087905,0.074087905,0.073315128,0.073315128,0.073315128,0.073315128,0.072543023,0.072543023,0.072543023,0.072543023,0.072019734,0.072019734,0.072019734,0.072019734,0.071493491,0.071493491,0.071493491,0.071493491,0.070964377,0.070964377,0.070964377,0.070964377,0.05590036,0.05590036,0.05590036,0.05590036,0.041674226,0.041941971,0.041325689,0.041325689,0.046167582,0.046167582,0.045445599,0.044619031,0.050239423,0.050239423,0.049389679,0.049386518,0.043772508,0.043772508,0.043620353,0.044190346,0.035443773,0.035443773,0.035443773,0.035960485,0.027408701,0.027408701,0.027289175,0.027046016,0.025588366,0.025474158,0.025474158,0.027604513,0.017789706
Occupy-North-America-Australia,0.083333333,0.083333333,0.081666668,0.082770271,0.082770271,0.082770271,0.082203507,0.082203507,0.082203507,0.082203507,0.081633122,0.081633122,0.081633122,0.081633122,0.081059199,0.081059199,0.081059199,0.081059199,0.080481822,0.080481822,0.080481822,0.080481822,0.07990108,0.07990108,0.07990108,0.07990108,0.079317061,0.079317061,0.079317061,0.079317061,0.07872986,0.07872986,0.07872986,0.07872986,0.07795636,0.07795636,0.07795636,0.07795636,0.077182585,0.077182585,0.077182585,0.077182585,0.076408694,0.076408694,0.076408694,0.076408694,0.075634846,0.075634846,0.075634846,0.075634846,0.074861196,0.074861196,0.074861196,0.074861196,0.074087905,0.074087905,0.074087905,0.074087905,0.073315128,0.073315128,0.073315128,0.073315128,0.072543023,0.072543023,0.072543023,0.072543023,0.072019734,0.072019734,0.072019734,0.072019734,0.071493491,0.071493491,0.071493491,0.071493491,0.070964377,0.070964377,0.070964377,0.070964377,0.061490396,0.061490396,0.061490396,0.061490396,0.050425814,0.050749785,0.050004084,0.050004084,0.037257368,0.037257368,0.036674726,0.03825753,0.018500239,0.018500239,0.018187329,0.018193442,0.016811486,0.016811486,0.017094948,0.01731833,0.015720373,0.015720373,0.015720373,0.01594955,0.012420402,0.012420402,0.01261861,0.013021837,0.01183215,0.012019735,0.012019735,0.013024922,0.009489331
Occupy-Europe-Australia-Africa,0.083333333,0.083333333,0.083333333,0.084459458,0.084459458,0.084459458,0.085592986,0.085592986,0.085592986,0.085592986,0.086733756,0.086733756,0.086733756,0.086733756,0.087881603,0.087881603,0.087881603,0.087881603,0.089036356,0.089036356,0.089036356,0.089036356,0.090197841,0.090197841,0.090197841,0.090197841,0.091365877,0.091365877,0.091365877,0.091365877,0.09254028,0.09254028,0.09254028,0.09254028,0.091631095,0.091631095,0.091631095,0.091631095,0.090721589,0.090721589,0.090721589,0.090721589,0.089811946,0.089811946,0.089811946,0.089811946,0.088902352,0.088902352,0.088902352,0.088902352,0.087992993,0.087992993,0.087992993,0.087992993,0.087084054,0.087084054,0.087084054,0.087084054,0.086175721,0.086175721,0.086175721,0.086175721,0.085268177,0.085268177,0.085268177,0.085268177,0.086380707,0.086380707,0.086380707,0.086380707,0.087499518,0.087499518,0.087499518,0.087499518,0.088624433,0.088624433,0.088624433,0.088624433,0.113531036,0.113531036,0.113531036,0.113531036,0.140452146,0.14135451,0.142119888,0.142119888,0.172392593,0.172392593,0.173159858,0.170010412,0.249067133,0.249067133,0.249851467,0.249835474,0.275828216,0.275828216,0.274869426,0.272782811,0.314071884,0.314071884,0.314071884,0.312277534,0.34901377,0.34901377,0.347491764,0.344395456,0.353258272,0.35168158,0.35168158,0.344477045,0.394518518
Occupy-Asia-South-America,0.083333333,0.083333333,0.081666668,0.082770271,0.082770271,0.082770271,0.082203507,0.082203507,0.082203507,0.082203507,0.081633122,0.081633122,0.081633122,0.081633122,0.081059199,0.081059199,0.081059199,0.081059199,0.080481822,0.080481822,0.080481822,0.080481822,0.07990108,0.07990108,0.07990108,0.07990108,0.079317061,0.079317061,0.079317061,0.079317061,0.07872986,0.07872986,0.07872986,0.07872986,0.079547304,0.079547304,0.079547304,0.079547304,0.080365037,0.080365037,0.080365037,0.080365037,0.081182893,0.081182893,0.081182893,0.081182893,0.082000705,0.082000705,0.082000705,0.082000705,0.082818306,0.082818306,0.082818306,0.082818306,0.083635529,0.083635529,0.083635529,0.083635529,0.084452208,0.084452208,0.084452208,0.084452208,0.085268177,0.085268177,0.085268177,0.085268177,0.084653095,0.084653095,0.084653095,0.084653095,0.084034541,0.084034541,0.084034541,0.084034541,0.083412612,0.083412612,0.083412612,0.083412612,0.075562057,0.075562057,0.075562057,0.075562057,0.06478203,0.063894272,0.064240234,0.064240234,0.049143123,0.049143123,0.049361844,0.051492197,0.022507759,0.022507759,0.022578638,0.022586227,0.020018739,0.020018739,0.020356278,0.020622277,0.01654052,0.01654052,0.01654052,0.016781654,0.012284283,0.012284283,0.012480319,0.012879127,0.011702479,0.011888007,0.011888007,0.012882178,0.007460672
Occupy-Europe-South-America-Asia,0.083333333,0.083333333,0.083333333,0.082770271,0.082770271,0.082770271,0.082203507,0.082203507,0.082203507,0.082203507,0.081633122,0.081633122,0.081633122,0.081633122,0.081059199,0.081059199,0.081059199,0.081059199,0.080481822,0.080481822,0.080481822,0.080481822,0.07990108,0.07990108,0.07990108,0.07990108,0.079317061,0.079317061,0.079317061,0.079317061,0.07872986,0.07872986,0.07872986,0.07872986,0.079547304,0.079547304,0.079547304,0.079547304,0.080365037,0.080365037,0.080365037,0.080365037,0.081182893,0.081182893,0.081182893,0.081182893,0.082000705,0.082000705,0.082000705,0.082000705,0.082818306,0.082818306,0.082818306,0.082818306,0.083635529,0.083635529,0.083635529,0.083635529,0.084452208,0.084452208,0.084452208,0.084452208,0.085268177,0.085268177,0.085268177,0.085268177,0.084653095,0.084653095,0.084653095,0.084653095,0.084034541,0.084034541,0.084034541,0.084034541,0.083412612,0.083412612,0.083412612,0.083412612,0.068991443,0.068991443,0.068991443,0.068991443,0.054005435,0.053265357,0.053553768,0.053553768,0.060558323,0.060558323,0.060827849,0.059721507,0.060783498,0.060783498,0.06097491,0.060971007,0.051740551,0.051740551,0.051560699,0.05223445,0.036718016,0.036718016,0.036718016,0.037253304,0.026581686,0.026581686,0.026465767,0.026229945,0.024816278,0.024705515,0.024705515,0.02677159,0.013797421
Occupy-North-America-Africa,0.083333333,0.083333333,0.083333333,0.084459458,0.084459458,0.084459458,0.085592986,0.085592986,0.085592986,0.085592986,0.086733756,0.086733756,0.086733756,0.086733756,0.087881603,0.087881603,0.087881603,0.087881603,0.089036356,0.089036356,0.089036356,0.089036356,0.090197841,0.090197841,0.090197841,0.090197841,0.091365877,0.091365877,0.091365877,0.091365877,0.09254028,0.09254028,0.09254028,0.09254028,0.091631095,0.091631095,0.091631095,0.091631095,0.090721589,0.090721589,0.090721589,0.090721589,0.089811946,0.089811946,0.089811946,0.089811946,0.088902352,0.088902352,0.088902352,0.088902352,0.087992993,0.087992993,0.087992993,0.087992993,0.087084054,0.087084054,0.087084054,0.087084054,0.086175721,0.086175721,0.086175721,0.086175721,0.085268177,0.085268177,0.085268177,0.085268177,0.086380707,0.086380707,0.086380707,0.086380707,0.087499518,0.087499518,0.087499518,0.087499518,0.088624433,0.088624433,0.088624433,0.088624433,0.109746668,0.109746668,0.109746668,0.109746668,0.131244727,0.132087936,0.130147079,0.130147079,0.092708905,0.092708905,0.091259095,0.095197645,0.048130053,0.048130053,0.047315988,0.047331892,0.053223984,0.053223984,0.054121402,0.053710551,0.069039236,0.069039236,0.069039236,0.068644802,0.077852723,0.077852723,0.079095118,0.081622596,0.080407674,0.081682439,0.081682439,0.080009096,0.101736778
SCott,,,,,,,,,,,,,,,,,,,,,,,,,,,,,,,,,,,,,,,,,,,,,,,,,,,,,,,,,,,,,,,,,,,,,,,,,,,,,,,,,,,,,,,,,,,,,,,,,,,,,,,,,,,,,,,
WINNER,,,,,,,,,,,,,,,,,,,,,,,,,,,,,,,,,,,,,,,,,,,,,,,,,,,,,,,,,,,,,,,,,,,,,,,,,,,,,,,,,,,,,,,,,,,,,,,,,,,,,,,,,,,,,,,
Conquer the continents of ASIA and AFRICA., Turn 1, Turn 2, Turn 3, Turn 4, Turn 5, Turn 6, Turn 7, Turn 8, Turn 9, Turn 10, Turn 11, Turn 12, Turn 13, Turn 14, Turn 15, Turn 16, Turn 17, Turn 18, Turn 19, Turn 20, Turn 21, Turn 22, Turn 23, Turn 24, Turn 25, Turn 26, Turn 27, Turn 28, Turn 29, Turn 30, Turn 31, Turn 32, Turn 33, Turn 34, Turn 35, Turn 36, Turn 37, Turn 38, Turn 39, Turn 40, Turn 41, Turn 42, Turn 43, Turn 44, Turn 45, Turn 46, Turn 47, Turn 48, Turn 49, Turn 50, Turn 51, Turn 52, Turn 53, Turn 54, Turn 55, Turn 56, Turn 57, Turn 58, Turn 59, Turn 60, Turn 61, Turn 62, Turn 63, Turn 64, Turn 65, Turn 66, Turn 67, Turn 68, Turn 69, Turn 70, Turn 71, Turn 72, Turn 73, Turn 74, Turn 75, Turn 76, Turn 77, Turn 78, Turn 79, Turn 80, Turn 81, Turn 82, Turn 83, Turn 84, Turn 85, Turn 86, Turn 87, Turn 88, Turn 89, Turn 90, Turn 91, Turn 92, Turn 93, Turn 94, Turn 95, Turn 96, Turn 97, Turn 98, Turn 99, Turn 100, Turn 101, Turn 102, Turn 103, Turn 104, Turn 105, Turn 106, Turn 107, Turn 108, Turn 109, Turn 110, Turn 111
Occupy-Europe-Australia-Asia,0.083333333,0.083333333,0.083333333,0.084459458,0.084459458,0.084459458,0.084459458,0.084459458,0.085592986,0.085592986,0.085592986,0.086733756,0.086733756,0.086733756,0.086733756,0.087881603,0.087881603,0.087881603,0.087881603,0.089036356,0.089036356,0.089036356,0.089036356,0.090197841,0.090197841,0.090197841,0.090197841,0.091365877,0.091365877,0.091365877,0.091365877,0.09254028,0.09254028,0.09254028,0.09254028,0.093720859,0.093720859,0.093720859,0.093720859,0.094907422,0.094907422,0.094907422,0.094907422,0.09609977,0.09609977,0.09609977,0.09609977,0.0972977,0.0972977,0.0972977,0.0972977,0.098501005,0.098501005,0.098501005,0.098501005,0.099709475,0.099709475,0.099709475,0.099709475,0.100922894,0.100922894,0.100922894,0.100922894,0.102141044,0.102141044,0.102141044,0.102141044,0.103363703,0.103363703,0.103363703,0.103363703,0.104590645,0.104590645,0.104590645,0.104590645,0.10582164,0.10582164,0.10582164,0.106507739,0.147526095,0.148559764,0.14529301,0.146220047,0.188733934,0.188733934,0.190463536,0.188249296,0.191342409,0.191342409,0.191342409,0.191342409,0.208302768,0.208454431,0.208454431,0.208454431,0.202573677,0.202573677,0.202573677,0.202573677,0.206066882,0.205946634,0.205946634,0.205946634,0.268889687,0.272336131,0.272336131,0.272336131,0.436365344,0.436508202,0.436508202,0.430797206
Occupy-Europe-South-America-North-America,0.083333333,0.083333333,0.083333333,0.082770271,0.082770271,0.082770271,0.082770271,0.081114867,0.082203507,0.082203507,0.082203507,0.081633122,0.081633122,0.081633122,0.081633122,0.081059199,0.081059199,0.081059199,0.081059199,0.080481822,0.080481822,0.080481822,0.080481822,0.07990108,0.07990108,0.07990108,0.07990108,0.079317061,0.079317061,0.079317061,0.079317061,0.07872986,0.07872986,0.07872986,0.07872986,0.07813957,0.07813957,0.07813957,0.07813957,0.077546289,0.077546289,0.077546289,0.077546289,0.076950115,0.076950115,0.076950115,0.076950115,0.07635115,0.07635115,0.07635115,0.07635115,0.075749497,0.075749497,0.075749497,0.075749497,0.075145263,0.075145263,0.075145263,0.075145263,0.074538553,0.074538553,0.074538553,0.074538553,0.073929478,0.073929478,0.073929478,0.073929478,0.073318149,0.073318149,0.073318149,0.073318149,0.072704678,0.072704678,0.072704678,0.072704678,0.07208918,0.07208918,0.07208918,0.072556573,0.041074104,0.04055088,0.040468557,0.040726765,0.009736448,0.009736448,0.009629162,0.009517218,0.006995331,0.006995331,0.006995331,0.006995331,0.00520984,0.005109361,0.005109361,0.005109361,0.005177121,0.005177121,0.005177121,0.005177121,0.004049977,0.004128566,0.004128566,0.004128566,0.001943402,0.001891123,0.001891123,0.001891123,0.00249765,0.002448498,0.002448498,0.00241743
Occupy-Asia-Africa,0.083333333,0.083333333,0.083333333,0.084459458,0.084459458,0.084459458,0.084459458,0.084459458,0.085592986,0.085592986,0.085592986,0.086733756,0.086733756,0.086733756,0.086733756,0.087881603,0.087881603,0.087881603,0.087881603,0.089036356,0.089036356,0.089036356,0.089036356,0.090197841,0.090197841,0.090197841,0.090197841,0.091365877,0.091365877,0.091365877,0.091365877,0.09254028,0.09254028,0.09254028,0.09254028,0.093720859,0.093720859,0.093720859,0.093720859,0.094907422,0.094907422,0.094907422,0.094907422,0.09609977,0.09609977,0.09609977,0.09609977,0.0972977,0.0972977,0.0972977,0.0972977,0.098501005,0.098501005,0.098501005,0.098501005,0.099709475,0.099709475,0.099709475,0.099709475,0.100922894,0.100922894,0.100922894,0.100922894,0.102141044,0.102141044,0.102141044,0.102141044,0.103363703,0.103363703,0.103363703,0.103363703,0.104590645,0.104590645,0.104590645,0.104590645,0.10582164,0.10582164,0.10582164,0.104377586,0.176034947,0.177268368,0.180518867,0.178037251,0.281407632,0.281407632,0.283986518,0.286413284,0.296412402,0.296412402,0.296412402,0.296412402,0.286598401,0.28680707,0.28680707,0.28680707,0.290833976,0.290833976,0.290833976,0.290833976,0.295849152,0.295676512,0.295676512,0.295676512,0.274873966,0.272938351,0.272938351,0.272938351,0.131982211,0.132025419,0.132025419,0.135670635
Occupy-Europe-South-America-Africa,0.083333333,0.083333333,0.083333333,0.082770271,0.082770271,0.082770271,0.082770271,0.081114867,0.082203507,0.082203507,0.082203507,0.081633122,0.081633122,0.081633122,0.081633122,0.081059199,0.081059199,0.081059199,0.081059199,0.080481822,0.080481822,0.080481822,0.080481822,0.07990108,0.07990108,0.07990108,0.07990108,0.079317061,0.079317061,0.079317061,0.079317061,0.07872986,0.07872986,0.07872986,0.07872986,0.07813957,0.07813957,0.07813957,0.07813957,0.077546289,0.077546289,0.077546289,0.077546289,0.076950115,0.076950115,0.076950115,0.076950115,0.07635115,0.07635115,0.07635115,0.07635115,0.075749497,0.075749497,0.075749497,0.075749497,0.075145263,0.075145263,0.075145263,0.075145263,0.074538553,0.074538553,0.074538553,0.074538553,0.073929478,0.073929478,0.073929478,0.073929478,0.073318149,0.073318149,0.073318149,0.073318149,0.072704678,0.072704678,0.072704678,0.072704678,0.07208918,0.07208918,0.07208918,0.071105443,0.042343324,0.041803932,0.041719066,0.041145548,0.012899915,0.012899915,0.01275777,0.012609454,0.009900104,0.009900104,0.009900104,0.009900104,0.008309823,0.008315873,0.008315873,0.008315873,0.007304831,0.007304831,0.007304831,0.007304831,0.005600161,0.005596893,0.005596893,0.005596893,0.002940608,0.002919901,0.002919901,0.002919901,0.003227833,0.00322889,0.00322889,0.003187921
Occupy-Europe-South-America-Australia,0.083333333,0.083333333,0.083333333,0.082770271,0.082770271,0.082770271,0.082770271,0.081114867,0.082203507,0.082203507,0.082203507,0.081633122,0.081633122,0.081633122,0.081633122,0.081059199,0.081059199,0.081059199,0.081059199,0.080481822,0.080481822,0.080481822,0.080481822,0.07990108,0.07990108,0.07990108,0.07990108,0.079317061,0.079317061,0.079317061,0.079317061,0.07872986,0.07872986,0.07872986,0.07872986,0.07813957,0.07813957,0.07813957,0.07813957,0.077546289,0.077546289,0.077546289,0.077546289,0.076950115,0.076950115,0.076950115,0.076950115,0.07635115,0.07635115,0.07635115,0.07635115,0.075749497,0.075749497,0.075749497,0.075749497,0.075145263,0.075145263,0.075145263,0.075145263,0.074538553,0.074538553,0.074538553,0.074538553,0.073929478,0.073929478,0.073929478,0.073929478,0.073318149,0.073318149,0.073318149,0.073318149,0.072704678,0.072704678,0.072704678,0.072704678,0.07208918,0.07208918,0.07208918,0.072556573,0.041074104,0.04055088,0.039659187,0.039912231,0.013748226,0.013748226,0.013596733,0.013438664,0.010775637,0.010775637,0.010775637,0.010775637,0.009402023,0.009408868,0.009408868,0.009408868,0.008444612,0.008444612,0.008444612,0.008444612,0.006473961,0.006470183,0.006470183,0.006470183,0.00649493,0.006449194,0.006449194,0.006449194,0.009340731,0.009343789,0.009343789,0.009225231
Occupy-Europe-Australia-South-America,0.083333333,0.083333333,0.083333333,0.082770271,0.082770271,0.082770271,0.082770271,0.081114867,0.082203507,0.082203507,0.082203507,0.081633122,0.081633122,0.081633122,0.081633122,0.081059199,0.081059199,0.081059199,0.081059199,0.080481822,0.080481822,0.080481822,0.080481822,0.07990108,0.07990108,0.07990108,0.07990108,0.079317061,0.079317061,0.079317061,0.079317061,0.07872986,0.07872986,0.07872986,0.07872986,0.07813957,0.07813957,0.07813957,0.07813957,0.077546289,0.077546289,0.077546289,0.077546289,0.076950115,0.076950115,0.076950115,0.076950115,0.07635115,0.07635115,0.07635115,0.07635115,0.075749497,0.075749497,0.075749497,0.075749497,0.075145263,0.075145263,0.075145263,0.075145263,0.074538553,0.074538553,0.074538553,0.074538553,0.073929478,0.073929478,0.073929478,0.073929478,0.073318149,0.073318149,0.073318149,0.073318149,0.072704678,0.072704678,0.072704678,0.072704678,0.07208918,0.07208918,0.07208918,0.072556573,0.041074104,0.04055088,0.039659187,0.039912231,0.013748226,0.013748226,0.013596733,0.013438664,0.010775637,0.010775637,0.010775637,0.010775637,0.009402023,0.009408868,0.009408868,0.009408868,0.008444612,0.008444612,0.008444612,0.008444612,0.006473961,0.006470183,0.006470183,0.006470183,0.00649493,0.006449194,0.006449194,0.006449194,0.009340731,0.009343789,0.009343789,0.009225231
Occupy-North-America-Australia,0.083333333,0.083333333,0.083333333,0.082770271,0.082770271,0.082770271,0.082770271,0.081114867,0.082203507,0.082203507,0.082203507,0.081633122,0.081633122,0.081633122,0.081633122,0.081059199,0.081059199,0.081059199,0.081059199,0.080481822,0.080481822,0.080481822,0.080481822,0.07990108,0.07990108,0.07990108,0.07990108,0.079317061,0.079317061,0.079317061,0.079317061,0.07872986,0.07872986,0.07872986,0.07872986,0.07813957,0.07813957,0.07813957,0.07813957,0.077546289,0.077546289,0.077546289,0.077546289,0.076950115,0.076950115,0.076950115,0.076950115,0.07635115,0.07635115,0.07635115,0.07635115,0.075749497,0.075749497,0.075749497,0.075749497,0.075145263,0.075145263,0.075145263,0.075145263,0.074538553,0.074538553,0.074538553,0.074538553,0.073929478,0.073929478,0.073929478,0.073929478,0.073318149,0.073318149,0.073318149,0.073318149,0.072704678,0.072704678,0.072704678,0.072704678,0.07208918,0.07208918,0.07208918,0.072556573,0.052281042,0.051615058,0.051510274,0.051838933,0.023894296,0.023894296,0.024113269,0.024319325,0.018687662,0.018687662,0.018687662,0.018687662,0.012856661,0.012608702,0.012608702,0.012608702,0.01351299,0.01351299,0.01351299,0.01351299,0.010570992,0.010776119,0.010776119,0.010776119,0.011910552,0.011362889,0.011362889,0.011362889,0.005962459,0.005845123,0.005845123,0.00600891
Occupy-Europe-Australia-Africa,0.083333333,0.083333333,0.083333333,0.082770271,0.082770271,0.082770271,0.082770271,0.081114867,0.082203507,0.082203507,0.082203507,0.081633122,0.081633122,0.081633122,0.081633122,0.081059199,0.081059199,0.081059199,0.081059199,0.080481822,0.080481822,0.080481822,0.080481822,0.07990108,0.07990108,0.07990108,0.07990108,0.079317061,0.079317061,0.079317061,0.079317061,0.07872986,0.07872986,0.07872986,0.07872986,0.07813957,0.07813957,0.07813957,0.07813957,0.077546289,0.077546289,0.077546289,0.077546289,0.076950115,0.076950115,0.076950115,0.076950115,0.07635115,0.07635115,0.07635115,0.07635115,0.075749497,0.075749497,0.075749497,0.075749497,0.075145263,0.075145263,0.075145263,0.075145263,0.074538553,0.074538553,0.074538553,0.074538553,0.073929478,0.073929478,0.073929478,0.073929478,0.073318149,0.073318149,0.073318149,0.073318149,0.072704678,0.072704678,0.072704678,0.072704678,0.07208918,0.07208918,0.07208918,0.071105443,0.042343324,0.041803932,0.040884685,0.040322638,0.016659648,0.016659648,0.016812321,0.016616869,0.013046459,0.013046459,0.013046459,0.013046459,0.01095077,0.010958743,0.010958743,0.010958743,0.009626381,0.009626381,0.009626381,0.009626381,0.00737995,0.007375644,0.007375644,0.007375644,0.006711544,0.006664282,0.006664282,0.006664282,0.007367097,0.007369509,0.007369509,0.007276001
Occupy-Europe-Australia-North-America,0.083333333,0.083333333,0.083333333,0.082770271,0.082770271,0.082770271,0.082770271,0.081114867,0.082203507,0.082203507,0.082203507,0.081633122,0.081633122,0.081633122,0.081633122,0.081059199,0.081059199,0.081059199,0.081059199,0.080481822,0.080481822,0.080481822,0.080481822,0.07990108,0.07990108,0.07990108,0.07990108,0.079317061,0.079317061,0.079317061,0.079317061,0.07872986,0.07872986,0.07872986,0.07872986,0.07813957,0.07813957,0.07813957,0.07813957,0.077546289,0.077546289,0.077546289,0.077546289,0.076950115,0.076950115,0.076950115,0.076950115,0.07635115,0.07635115,0.07635115,0.07635115,0.075749497,0.075749497,0.075749497,0.075749497,0.075145263,0.075145263,0.075145263,0.075145263,0.074538553,0.074538553,0.074538553,0.074538553,0.073929478,0.073929478,0.073929478,0.073929478,0.073318149,0.073318149,0.073318149,0.073318149,0.072704678,0.072704678,0.072704678,0.072704678,0.07208918,0.07208918,0.07208918,0.072556573,0.041074104,0.04055088,0.039659187,0.039912231,0.012811181,0.012811181,0.012928585,0.012778284,0.009392275,0.009392275,0.009392275,0.009392275,0.006994987,0.006860078,0.006860078,0.006860078,0.006951056,0.006951056,0.006951056,0.006951056,0.005437698,0.005543215,0.005543215,0.005543215,0.004563434,0.004440673,0.004440673,0.004440673,0.005864898,0.005749482,0.005749482,0.00567653
Occupy-Asia-South-America,0.083333333,0.083333333,0.083333333,0.084459458,0.084459458,0.084459458,0.084459458,0.084459458,0.085592986,0.085592986,0.085592986,0.086733756,0.086733756,0.086733756,0.086733756,0.087881603,0.087881603,0.087881603,0.087881603,0.089036356,0.089036356,0.089036356,0.089036356,0.090197841,0.090197841,0.090197841,0.090197841,0.091365877,0.091365877,0.091365877,0.091365877,0.09254028,0.09254028,0.09254028,0.09254028,0.093720859,0.093720859,0.093720859,0.093720859,0.094907422,0.094907422,0.094907422,0.094907422,0.09609977,0.09609977,0.09609977,0.09609977,0.0972977,0.0972977,0.0972977,0.0972977,0.098501005,0.098501005,0.098501005,0.098501005,0.099709475,0.099709475,0.099709475,0.099709475,0.100922894,0.100922894,0.100922894,0.100922894,0.102141044,0.102141044,0.102141044,0.102141044,0.103363703,0.103363703,0.103363703,0.103363703,0.104590645,0.104590645,0.104590645,0.104590645,0.10582164,0.10582164,0.10582164,0.106507739,0.174057988,0.175277558,0.178491552,0.179630411,0.248340829,0.248340829,0.245604354,0.247703131,0.260928513,0.260928513,0.260928513,0.260928513,0.262381814,0.262572851,0.262572851,0.262572851,0.27180657,0.27180657,0.27180657,0.27180657,0.276493635,0.27633229,0.27633229,0.27633229,0.283485562,0.281489305,0.281489305,0.281489305,0.181139891,0.181199193,0.181199193,0.186202094
Occupy-Europe-South-America-Asia,0.083333333,0.083333333,0.083333333,0.084459458,0.084459458,0.084459458,0.084459458,0.084459458,0.085592986,0.085592986,0.085592986,0.086733756,0.086733756,0.086733756,0.086733756,0.087881603,0.087881603,0.087881603,0.087881603,0.089036356,0.089036356,0.089036356,0.089036356,0.090197841,0.090197841,0.090197841,0.090197841,0.091365877,0.091365877,0.091365877,0.091365877,0.09254028,0.09254028,0.09254028,0.09254028,0.093720859,0.093720859,0.093720859,0.093720859,0.094907422,0.094907422,0.094907422,0.094907422,0.09609977,0.09609977,0.09609977,0.09609977,0.0972977,0.0972977,0.0972977,0.0972977,0.098501005,0.098501005,0.098501005,0.098501005,0.099709475,0.099709475,0.099709475,0.099709475,0.100922894,0.100922894,0.100922894,0.100922894,0.102141044,0.102141044,0.102141044,0.102141044,0.103363703,0.103363703,0.103363703,0.103363703,0.104590645,0.104590645,0.104590645,0.104590645,0.10582164,0.10582164,0.10582164,0.106507739,0.147526095,0.148559764,0.148258171,0.149204127,0.15557754,0.15557754,0.153863226,0.152074485,0.154573211,0.154573211,0.154573211,0.154573211,0.168274393,0.168396912,0.168396912,0.168396912,0.16364623,0.16364623,0.16364623,0.16364623,0.166468165,0.166371024,0.166371024,0.166371024,0.126243003,0.1278611,0.1278611,0.1278611,0.204872385,0.204939457,0.204939457,0.202258159
Occupy-North-America-Africa,0.083333333,0.083333333,0.083333333,0.082770271,0.082770271,0.082770271,0.082770271,0.082770271,0.082203507,0.082203507,0.082203507,0.081633122,0.081633122,0.081633122,0.081633122,0.081059199,0.081059199,0.081059199,0.081059199,0.080481822,0.080481822,0.080481822,0.080481822,0.07990108,0.07990108,0.07990108,0.07990108,0.079317061,0.079317061,0.079317061,0.079317061,0.07872986,0.07872986,0.07872986,0.07872986,0.07813957,0.07813957,0.07813957,0.07813957,0.077546289,0.077546289,0.077546289,0.077546289,0.076950115,0.076950115,0.076950115,0.076950115,0.07635115,0.07635115,0.07635115,0.07635115,0.075749497,0.075749497,0.075749497,0.075749497,0.075145263,0.075145263,0.075145263,0.075145263,0.074538553,0.074538553,0.074538553,0.074538553,0.073929478,0.073929478,0.073929478,0.073929478,0.073318149,0.073318149,0.073318149,0.073318149,0.072704678,0.072704678,0.072704678,0.072704678,0.07208918,0.07208918,0.07208918,0.071105443,0.053590769,0.052908102,0.053878257,0.053137585,0.022442127,0.022442127,0.022647792,0.022841325,0.017170361,0.017170361,0.017170361,0.017170361,0.011316499,0.011098244,0.011098244,0.011098244,0.011677944,0.011677944,0.011677944,0.011677944,0.009135466,0.009312737,0.009312737,0.009312737,0.005448382,0.005197858,0.005197858,0.005197858,0.002038769,0.001998648,0.001998648,0.002054652
Attila,,,,,,,,,,,,,,,,,,,,,,,,,,,,,,,,,,,,,,,,,,,,,,,,,,,,,,,,,,,,,,,,,,,,,,,,,,,,,,,,,,,,,,,,,,,,,,,,,,,,,,,,,,,,,,,
LOSER,,,,,,,,,,,,,,,,,,,,,,,,,,,,,,,,,,,,,,,,,,,,,,,,,,,,,,,,,,,,,,,,,,,,,,,,,,,,,,,,,,,,,,,,,,,,,,,,,,,,,,,,,,,,,,,
Conquer the continents of EUROPE and AUSTRALIA and a third continent of your choice., Turn 1, Turn 2, Turn 3, Turn 4, Turn 5, Turn 6, Turn 7, Turn 8, Turn 9, Turn 10, Turn 11, Turn 12, Turn 13, Turn 14, Turn 15, Turn 16, Turn 17, Turn 18, Turn 19, Turn 20, Turn 21, Turn 22, Turn 23, Turn 24, Turn 25, Turn 26, Turn 27, Turn 28, Turn 29, Turn 30, Turn 31, Turn 32, Turn 33, Turn 34, Turn 35, Turn 36, Turn 37, Turn 38, Turn 39, Turn 40, Turn 41, Turn 42, Turn 43, Turn 44, Turn 45, Turn 46, Turn 47, Turn 48, Turn 49, Turn 50, Turn 51, Turn 52, Turn 53, Turn 54, Turn 55, Turn 56, Turn 57, Turn 58, Turn 59, Turn 60, Turn 61, Turn 62, Turn 63, Turn 64, Turn 65, Turn 66, Turn 67, Turn 68, Turn 69, Turn 70, Turn 71, Turn 72, Turn 73, Turn 74, Turn 75, Turn 76, Turn 77, Turn 78, Turn 79, Turn 80, Turn 81, Turn 82, Turn 83, Turn 84, Turn 85, Turn 86, Turn 87, Turn 88, Turn 89, Turn 90, Turn 91, Turn 92, Turn 93, Turn 94, Turn 95, Turn 96, Turn 97, Turn 98, Turn 99, Turn 100, Turn 101, Turn 102, Turn 103, Turn 104, Turn 105, Turn 106, Turn 107, Turn 108, Turn 109, Turn 110, Turn 111
Occupy-Europe-Australia-Asia,0.083333333,0.084459458,0.084459458,0.084459458,0.084459458,0.085592986,0.085592986,0.085592986,0.086733756,0.086733756,0.086733756,0.086733756,0.087881603,0.087881603,0.087881603,0.087881603,0.087303907,0.087303907,0.087303907,0.087303907,0.086722198,0.086722198,0.086722198,0.086722198,0.086136554,0.086136554,0.086136554,0.086136554,0.085547056,0.085547056,0.085547056,0.085547056,0.084953788,0.084953788,0.084953788,0.084953788,0.084356834,0.084356834,0.084356834,0.084356834,0.083756285,0.083756285,0.083756285,0.083756285,0.08315223,0.08315223,0.08315223,0.08315223,0.082544763,0.082544763,0.082544763,0.082544763,0.08193398,0.08193398,0.08193398,0.08193398,0.08131998,0.08131998,0.08131998,0.08131998,0.080702864,0.080702864,0.080702864,0.080702864,0.080082734,0.080082734,0.080082734,0.080082734,0.079459696,0.079459696,0.079459696,0.079459696,0.078833857,0.078833857,0.078833857,0.078833857,0.078205328,0.078205328,0.078205328,0.078205328,0.061431425,0.062235116,0.062235116,0.05979132,0.046791849,0.04611009,0.045745838,0.045076588,0.030600398,0.030320495,0.030320495,0.030320495,0.02146194,0.02146194,0.02146194,0.021781431,0.022287908,0.022287908,0.022287908,0.022287908,0.019950448,0.019950448,0.019950448,0.019950448,0.01837218,0.017986313,0.017986313,0.018275523,0.014300108,0.014300108,0.014300108
Occupy-Europe-South-America-North-America,0.083333333,0.082770271,0.082770271,0.082770271,0.081114867,0.082203507,0.082203507,0.082203507,0.081633122,0.081633122,0.081633122,0.081633122,0.081059199,0.081059199,0.081059199,0.081059199,0.082169743,0.082169743,0.082169743,0.082169743,0.083288002,0.083288002,0.083288002,0.083288002,0.084413825,0.084413825,0.084413825,0.084413825,0.085547056,0.085547056,0.085547056,0.085547056,0.086687537,0.086687537,0.086687537,0.086687537,0.087835101,0.087835101,0.087835101,0.087835101,0.088989579,0.088989579,0.088989579,0.088989579,0.090150795,0.090150795,0.090150795,0.090150795,0.09131857,0.09131857,0.09131857,0.09131857,0.092492719,0.092492719,0.092492719,0.092492719,0.093673053,0.093673053,0.093673053,0.093673053,0.094859378,0.094859378,0.094859378,0.094859378,0.096051496,0.096051496,0.096051496,0.096051496,0.097249205,0.097249205,0.097249205,0.097249205,0.098452297,0.098452297,0.098452297,0.098452297,0.099660562,0.099660562,0.099660562,0.099660562,0.107175374,0.106448552,0.106448552,0.10865861,0.132377842,0.133111314,0.132059787,0.132783453,0.157267935,0.155829396,0.155829396,0.155829396,0.168529125,0.168529125,0.168529125,0.167617158,0.171916377,0.171916377,0.171916377,0.171916377,0.177336834,0.177336834,0.177336834,0.177336834,0.175603864,0.171915698,0.171915698,0.171186409,0.174183447,0.174183447,0.174183447
Occupy-Asia-Africa,0.083333333,0.084459458,0.084459458,0.084459458,0.084459458,0.085592986,0.085592986,0.085592986,0.086733756,0.086733756,0.086733756,0.086733756,0.087881603,0.087881603,0.087881603,0.087881603,0.087303907,0.087303907,0.087303907,0.087303907,0.086722198,0.086722198,0.086722198,0.086722198,0.086136554,0.086136554,0.086136554,0.086136554,0.085547056,0.085547056,0.085547056,0.085547056,0.084953788,0.084953788,0.084953788,0.084953788,0.084356834,0.084356834,0.084356834,0.084356834,0.083756285,0.083756285,0.083756285,0.083756285,0.08315223,0.08315223,0.08315223,0.08315223,0.082544763,0.082544763,0.082544763,0.082544763,0.08193398,0.08193398,0.08193398,0.08193398,0.08131998,0.08131998,0.08131998,0.08131998,0.080702864,0.080702864,0.080702864,0.080702864,0.080082734,0.080082734,0.080082734,0.080082734,0.079459696,0.079459696,0.079459696,0.079459696,0.078833857,0.078833857,0.078833857,0.078833857,0.078205328,0.078205328,0.078205328,0.078205328,0.07535957,0.07634548,0.07634548,0.07334761,0.066231706,0.065266707,0.066072576,0.065105951,0.05057961,0.05113975,0.05113975,0.05113975,0.037722545,0.037722545,0.037722545,0.038284097,0.036217754,0.036217754,0.036217754,0.036217754,0.034459388,0.034459388,0.034459388,0.034459388,0.030234363,0.030819822,0.030819822,0.031315388,0.025013942,0.025013942,0.025013942
Occupy-Europe-South-America-Africa,0.083333333,0.082770271,0.082770271,0.082770271,0.081114867,0.082203507,0.082203507,0.082203507,0.081633122,0.081633122,0.081633122,0.081633122,0.081059199,0.081059199,0.081059199,0.081059199,0.08052635,0.08052635,0.08052635,0.08052635,0.0799898,0.0799898,0.0799898,0.0799898,0.079449621,0.079449621,0.079449621,0.079449621,0.078905887,0.078905887,0.078905887,0.078905887,0.078358675,0.078358675,0.078358675,0.078358675,0.077808064,0.077808064,0.077808064,0.077808064,0.077254136,0.077254136,0.077254136,0.077254136,0.076696975,0.076696975,0.076696975,0.076696975,0.076136667,0.076136667,0.076136667,0.076136667,0.0755733,0.0755733,0.0755733,0.0755733,0.075006966,0.075006966,0.075006966,0.075006966,0.074437758,0.074437758,0.074437758,0.074437758,0.07386577,0.07386577,0.07386577,0.07386577,0.073291099,0.073291099,0.073291099,0.073291099,0.072713846,0.072713846,0.072713846,0.072713846,0.07213411,0.07213411,0.07213411,0.07213411,0.086120448,0.085536413,0.085536413,0.087312298,0.075337523,0.075754949,0.075156515,0.07556836,0.0561829,0.055668992,0.055668992,0.055668992,0.037008753,0.037008753,0.037008753,0.037559679,0.03698274,0.03698274,0.03698274,0.03698274,0.035158508,0.035158508,0.035158508,0.035158508,0.028963934,0.028355611,0.028355611,0.028811553,0.022074598,0.022074598,0.022074598
Occupy-Europe-Australia-South-America,0.083333333,0.082770271,0.082770271,0.082770271,0.081114867,0.082203507,0.082203507,0.082203507,0.081633122,0.081633122,0.081633122,0.081633122,0.081059199,0.081059199,0.081059199,0.081059199,0.08052635,0.08052635,0.08052635,0.08052635,0.0799898,0.0799898,0.0799898,0.0799898,0.079449621,0.079449621,0.079449621,0.079449621,0.078905887,0.078905887,0.078905887,0.078905887,0.078358675,0.078358675,0.078358675,0.078358675,0.077808064,0.077808064,0.077808064,0.077808064,0.077254136,0.077254136,0.077254136,0.077254136,0.076696975,0.076696975,0.076696975,0.076696975,0.076136667,0.076136667,0.076136667,0.076136667,0.0755733,0.0755733,0.0755733,0.0755733,0.075006966,0.075006966,0.075006966,0.075006966,0.074437758,0.074437758,0.074437758,0.074437758,0.07386577,0.07386577,0.07386577,0.07386577,0.073291099,0.073291099,0.073291099,0.073291099,0.072713846,0.072713846,0.072713846,0.072713846,0.07213411,0.07213411,0.07213411,0.07213411,0.083863259,0.083294531,0.083294531,0.085023871,0.071656835,0.072053868,0.071484671,0.071876395,0.05343803,0.05294923,0.05294923,0.05294923,0.035200655,0.035200655,0.035200655,0.035724665,0.035175912,0.035175912,0.035175912,0.035175912,0.033440805,0.033440805,0.033440805,0.033440805,0.027548873,0.02697027,0.02697027,0.027403937,0.020996122,0.020996122,0.020996122
Occupy-Europe-South-America-Australia,0.083333333,0.082770271,0.082770271,0.082770271,0.081114867,0.082203507,0.082203507,0.082203507,0.081633122,0.081633122,0.081633122,0.081633122,0.081059199,0.081059199,0.081059199,0.081059199,0.08052635,0.08052635,0.08052635,0.08052635,0.0799898,0.0799898,0.0799898,0.0799898,0.079449621,0.079449621,0.079449621,0.079449621,0.078905887,0.078905887,0.078905887,0.078905887,0.078358675,0.078358675,0.078358675,0.078358675,0.077808064,0.077808064,0.077808064,0.077808064,0.077254136,0.077254136,0.077254136,0.077254136,0.076696975,0.076696975,0.076696975,0.076696975,0.076136667,0.076136667,0.076136667,0.076136667,0.0755733,0.0755733,0.0755733,0.0755733,0.075006966,0.075006966,0.075006966,0.075006966,0.074437758,0.074437758,0.074437758,0.074437758,0.07386577,0.07386577,0.07386577,0.07386577,0.073291099,0.073291099,0.073291099,0.073291099,0.072713846,0.072713846,0.072713846,0.072713846,0.07213411,0.07213411,0.07213411,0.07213411,0.083863259,0.083294531,0.083294531,0.085023871,0.071656835,0.072053868,0.071484671,0.071876395,0.05343803,0.05294923,0.05294923,0.05294923,0.035200655,0.035200655,0.035200655,0.035724665,0.035175912,0.035175912,0.035175912,0.035175912,0.033440805,0.033440805,0.033440805,0.033440805,0.027548873,0.02697027,0.02697027,0.027403937,0.020996122,0.020996122,0.020996122
Occupy-North-America-Australia,0.083333333,0.082770271,0.082770271,0.082770271,0.082770271,0.082203507,0.082203507,0.082203507,0.081633122,0.081633122,0.081633122,0.081633122,0.081059199,0.081059199,0.081059199,0.081059199,0.082169743,0.082169743,0.082169743,0.082169743,0.083288002,0.083288002,0.083288002,0.083288002,0.084413825,0.084413825,0.084413825,0.084413825,0.085547056,0.085547056,0.085547056,0.085547056,0.086687537,0.086687537,0.086687537,0.086687537,0.087835101,0.087835101,0.087835101,0.087835101,0.088989579,0.088989579,0.088989579,0.088989579,0.090150795,0.090150795,0.090150795,0.090150795,0.09131857,0.09131857,0.09131857,0.09131857,0.092492719,0.092492719,0.092492719,0.092492719,0.093673053,0.093673053,0.093673053,0.093673053,0.094859378,0.094859378,0.094859378,0.094859378,0.096051496,0.096051496,0.096051496,0.096051496,0.097249205,0.097249205,0.097249205,0.097249205,0.098452297,0.098452297,0.098452297,0.098452297,0.099660562,0.099660562,0.099660562,0.099660562,0.083238692,0.0826742,0.0826742,0.084390661,0.113828025,0.114458717,0.115871976,0.116506935,0.164726893,0.166551147,0.166551147,0.166551147,0.20985826,0.20985826,0.20985826,0.208722647,0.20559877,0.20559877,0.20559877,0.20559877,0.211830119,0.211830119,0.211830119,0.211830119,0.224155112,0.228495655,0.228495655,0.227526346,0.245127973,0.245127973,0.245127973
Occupy-Europe-Australia-North-America,0.083333333,0.082770271,0.082770271,0.082770271,0.081114867,0.082203507,0.082203507,0.082203507,0.081633122,0.081633122,0.081633122,0.081633122,0.081059199,0.081059199,0.081059199,0.081059199,0.082169743,0.082169743,0.082169743,0.082169743,0.083288002,0.083288002,0.083288002,0.083288002,0.084413825,0.084413825,0.084413825,0.084413825,0.085547056,0.085547056,0.085547056,0.085547056,0.086687537,0.086687537,0.086687537,0.086687537,0.087835101,0.087835101,0.087835101,0.087835101,0.088989579,0.088989579,0.088989579,0.088989579,0.090150795,0.090150795,0.090150795,0.090150795,0.09131857,0.09131857,0.09131857,0.09131857,0.092492719,0.092492719,0.092492719,0.092492719,0.093673053,0.093673053,0.093673053,0.093673053,0.094859378,0.094859378,0.094859378,0.094859378,0.096051496,0.096051496,0.096051496,0.096051496,0.097249205,0.097249205,0.097249205,0.097249205,0.098452297,0.098452297,0.098452297,0.098452297,0.099660562,0.099660562,0.099660562,0.099660562,0.069604948,0.069132914,0.069132914,0.070568234,0.087507894,0.087992753,0.087297645,0.087776022,0.111804853,0.110782167,0.110782167,0.110782167,0.13446601,0.13446601,0.13446601,0.133738369,0.142655375,0.142655375,0.142655375,0.142655375,0.138268722,0.138268722,0.138268722,0.138268722,0.153936337,0.150703249,0.150703249,0.150063946,0.158679073,0.158679073,0.158679073
Occupy-Europe-Australia-Africa,0.083333333,0.082770271,0.082770271,0.082770271,0.081114867,0.082203507,0.082203507,0.082203507,0.081633122,0.081633122,0.081633122,0.081633122,0.081059199,0.081059199,0.081059199,0.081059199,0.08052635,0.08052635,0.08052635,0.08052635,0.0799898,0.0799898,0.0799898,0.0799898,0.079449621,0.079449621,0.079449621,0.079449621,0.078905887,0.078905887,0.078905887,0.078905887,0.078358675,0.078358675,0.078358675,0.078358675,0.077808064,0.077808064,0.077808064,0.077808064,0.077254136,0.077254136,0.077254136,0.077254136,0.076696975,0.076696975,0.076696975,0.076696975,0.076136667,0.076136667,0.076136667,0.076136667,0.0755733,0.0755733,0.0755733,0.0755733,0.075006966,0.075006966,0.075006966,0.075006966,0.074437758,0.074437758,0.074437758,0.074437758,0.07386577,0.07386577,0.07386577,0.07386577,0.073291099,0.073291099,0.073291099,0.073291099,0.072713846,0.072713846,0.072713846,0.072713846,0.07213411,0.07213411,0.07213411,0.07213411,0.058647563,0.058249838,0.058249838,0.059459207,0.052497576,0.052788451,0.052371444,0.05265843,0.042707363,0.042316716,0.042316716,0.042316716,0.031851381,0.031851381,0.031851381,0.032325533,0.033077188,0.033077188,0.033077188,0.033077188,0.029608195,0.029608195,0.029608195,0.029608195,0.027535872,0.026957542,0.026957542,0.027391005,0.021879244,0.021879244,0.021879244
Occupy-Asia-South-America,0.083333333,0.084459458,0.084459458,0.084459458,0.084459458,0.085592986,0.085592986,0.085592986,0.086733756,0.086733756,0.086733756,0.086733756,0.087881603,0.087881603,0.087881603,0.087881603,0.087303907,0.087303907,0.087303907,0.087303907,0.086722198,0.086722198,0.086722198,0.086722198,0.086136554,0.086136554,0.086136554,0.086136554,0.085547056,0.085547056,0.085547056,0.085547056,0.084953788,0.084953788,0.084953788,0.084953788,0.084356834,0.084356834,0.084356834,0.084356834,0.083756285,0.083756285,0.083756285,0.083756285,0.08315223,0.08315223,0.08315223,0.08315223,0.082544763,0.082544763,0.082544763,0.082544763,0.08193398,0.08193398,0.08193398,0.08193398,0.08131998,0.08131998,0.08131998,0.08131998,0.080702864,0.080702864,0.080702864,0.080702864,0.080082734,0.080082734,0.080082734,0.080082734,0.079459696,0.079459696,0.079459696,0.079459696,0.078833857,0.078833857,0.078833857,0.078833857,0.078205328,0.078205328,0.078205328,0.078205328,0.108930309,0.110355416,0.110355416,0.106022072,0.091481274,0.090148387,0.091261479,0.089926347,0.063919215,0.064627083,0.064627083,0.064627083,0.042069008,0.042069008,0.042069008,0.042695263,0.038775199,0.038775199,0.038775199,0.038775199,0.039106228,0.039106228,0.039106228,0.039106228,0.030335149,0.030922559,0.030922559,0.031419777,0.024072945,0.024072945,0.024072945
Occupy-Europe-South-America-Asia,0.083333333,0.084459458,0.084459458,0.084459458,0.084459458,0.085592986,0.085592986,0.085592986,0.086733756,0.086733756,0.086733756,0.086733756,0.087881603,0.087881603,0.087881603,0.087881603,0.087303907,0.087303907,0.087303907,0.087303907,0.086722198,0.086722198,0.086722198,0.086722198,0.086136554,0.086136554,0.086136554,0.086136554,0.085547056,0.085547056,0.085547056,0.085547056,0.084953788,0.084953788,0.084953788,0.084953788,0.084356834,0.084356834,0.084356834,0.084356834,0.083756285,0.083756285,0.083756285,0.083756285,0.08315223,0.08315223,0.08315223,0.08315223,0.082544763,0.082544763,0.082544763,0.082544763,0.08193398,0.08193398,0.08193398,0.08193398,0.08131998,0.08131998,0.08131998,0.08131998,0.080702864,0.080702864,0.080702864,0.080702864,0.080082734,0.080082734,0.080082734,0.080082734,0.079459696,0.079459696,0.079459696,0.079459696,0.078833857,0.078833857,0.078833857,0.078833857,0.078205328,0.078205328,0.078205328,0.078205328,0.095674821,0.096926509,0.096926509,0.093120481,0.071006199,0.069971635,0.069418887,0.068403307,0.042216667,0.041830508,0.041830508,0.041830508,0.026083196,0.026083196,0.026083196,0.02647148,0.026064862,0.026064862,0.026064862,0.026064862,0.024779172,0.024779172,0.024779172,0.024779172,0.020191836,0.019767751,0.019767751,0.020085606,0.015061597,0.015061597,0.015061597
Occupy-North-America-Africa,0.083333333,0.082770271,0.082770271,0.082770271,0.081114867,0.082203507,0.082203507,0.082203507,0.081633122,0.081633122,0.081633122,0.081633122,0.081059199,0.081059199,0.081059199,0.081059199,0.082169743,0.082169743,0.082169743,0.082169743,0.083288002,0.083288002,0.083288002,0.083288002,0.084413825,0.084413825,0.084413825,0.084413825,0.085547056,0.085547056,0.085547056,0.085547056,0.086687537,0.086687537,0.086687537,0.086687537,0.087835101,0.087835101,0.087835101,0.087835101,0.088989579,0.088989579,0.088989579,0.088989579,0.090150795,0.090150795,0.090150795,0.090150795,0.09131857,0.09131857,0.09131857,0.09131857,0.092492719,0.092492719,0.092492719,0.092492719,0.093673053,0.093673053,0.093673053,0.093673053,0.094859378,0.094859378,0.094859378,0.094859378,0.096051496,0.096051496,0.096051496,0.096051496,0.097249205,0.097249205,0.097249205,0.097249205,0.098452297,0.098452297,0.098452297,0.098452297,0.099660562,0.099660562,0.099660562,0.099660562,0.086090331,0.085506499,0.085506499,0.087281764,0.119626442,0.120289262,0.121774512,0.122441816,0.173118107,0.175035288,0.175035288,0.175035288,0.220548472,0.220548472,0.220548472,0.219355011,0.216072003,0.216072003,0.216072003,0.216072003,0.222620778,0.222620778,0.222620778,0.222620778,0.235573608,0.240135258,0.240135258,0.239116573,0.25761483,0.25761483,0.25761483
ted,,,,,,,,,,,,,,,,,,,,,,,,,,,,,,,,,,,,,,,,,,,,,,,,,,,,,,,,,,,,,,,,,,,,,,,,,,,,,,,,,,,,,,,,,,,,,,,,,,,,,,,,,,,,,,,
LOSER,,,,,,,,,,,,,,,,,,,,,,,,,,,,,,,,,,,,,,,,,,,,,,,,,,,,,,,,,,,,,,,,,,,,,,,,,,,,,,,,,,,,,,,,,,,,,,,,,,,,,,,,,,,,,,,
Conquer the continents of EUROPE and SOUTH AMERICA and a third continent of your choice., Turn 1, Turn 2, Turn 3, Turn 4, Turn 5, Turn 6, Turn 7, Turn 8, Turn 9, Turn 10, Turn 11, Turn 12, Turn 13, Turn 14, Turn 15, Turn 16, Turn 17, Turn 18, Turn 19, Turn 20, Turn 21, Turn 22, Turn 23, Turn 24, Turn 25, Turn 26, Turn 27, Turn 28, Turn 29, Turn 30, Turn 31, Turn 32, Turn 33, Turn 34, Turn 35, Turn 36, Turn 37, Turn 38, Turn 39, Turn 40, Turn 41, Turn 42, Turn 43, Turn 44, Turn 45, Turn 46, Turn 47, Turn 48, Turn 49, Turn 50, Turn 51, Turn 52, Turn 53, Turn 54, Turn 55, Turn 56, Turn 57, Turn 58, Turn 59, Turn 60, Turn 61, Turn 62, Turn 63, Turn 64, Turn 65, Turn 66, Turn 67, Turn 68, Turn 69, Turn 70, Turn 71, Turn 72, Turn 73, Turn 74, Turn 75, Turn 76, Turn 77, Turn 78, Turn 79, Turn 80, Turn 81, Turn 82, Turn 83, Turn 84, Turn 85, Turn 86, Turn 87, Turn 88, Turn 89, Turn 90, Turn 91, Turn 92, Turn 93, Turn 94, Turn 95, Turn 96, Turn 97, Turn 98, Turn 99, Turn 100, Turn 101, Turn 102, Turn 103, Turn 104, Turn 105, Turn 106, Turn 107, Turn 108, Turn 109, Turn 110, Turn 111
Occupy-Europe-Australia-Asia,0.083333333,0.084175083,0.084175083,0.084175083,0.084175083,0.085016662,0.085016662,0.085016662,0.085016662,0.085857897,0.085857897,0.085857897,0.085857897,0.086698617,0.086698617,0.086698617,0.086698617,0.087538651,0.087538651,0.087538651,0.087538651,0.08837783,0.08837783,0.08837783,0.08837783,0.08750296,0.08750296,0.08750296,0.08750296,0.086627912,0.086627912,0.086627912,0.086627912,0.085752865,0.085752865,0.085752865,0.085752865,0.084877996,0.084877996,0.084877996,0.084877996,0.084003485,0.084003485,0.084003485,0.084003485,0.083129509,0.083129509,0.083129509,0.083129509,0.082256246,0.082256246,0.082256246,0.082256246,0.081383873,0.081383873,0.081383873,0.081383873,0.080512567,0.080512567,0.080512567,0.080512567,0.079642503,0.079642503,0.079642503,0.079642503,0.078773856,0.078773856,0.078773856,0.078773856,0.077906799,0.077906799,0.077906799,0.077906799,0.077041503,0.077041503,0.077041503,0.077041503,0.07617814,0.07617814,0.074108639,0.074948654,0.117234384,0.117234384,0.117234384,0.117234384,0.132351964,0.132351964,0.132351964,0.132818864,0.164710292,0.16441895,0.168433115,0.168875931,0.175228944,0.175886248,0.175886248,0.175886248,0.141559513,0.143093507,0.143093507,0.1448521,0.137880861,0.13869962,0.133244639,0.133244639,0.157592541,0.157592541,0.156820571,0.156820571,0.128502008,0.135444815
Occupy-Europe-South-America-North-America,0.083333333,0.082491583,0.082491583,0.082491583,0.082491583,0.081650005,0.081650005,0.081650005,0.081650005,0.08080877,0.08080877,0.08080877,0.08080877,0.07996805,0.07996805,0.07996805,0.07996805,0.079128015,0.079128015,0.079128015,0.079128015,0.078288837,0.078288837,0.078288837,0.078288837,0.079095753,0.079095753,0.079095753,0.079095753,0.079902834,0.079902834,0.079902834,0.079902834,0.080709915,0.080709915,0.080709915,0.080709915,0.081516831,0.081516831,0.081516831,0.081516831,0.082323417,0.082323417,0.082323417,0.082323417,0.083129509,0.083129509,0.083129509,0.083129509,0.083934943,0.083934943,0.083934943,0.083934943,0.084739557,0.084739557,0.084739557,0.084739557,0.085543186,0.085543186,0.085543186,0.085543186,0.08634567,0.08634567,0.08634567,0.08634567,0.087146848,0.087146848,0.087146848,0.087146848,0.087946559,0.087946559,0.087946559,0.087946559,0.088744645,0.088744645,0.088744645,0.088744645,0.089540949,0.089540949,0.090700148,0.089893664,0.057689925,0.057689925,0.057689925,0.057689925,0.04500096,0.04500096,0.04500096,0.044256517,0.04370652,0.043629211,0.042958849,0.042210354,0.042828671,0.042989326,0.042989326,0.042989326,0.040462509,0.040900977,0.040900977,0.040575571,0.038622806,0.038852155,0.041291358,0.041291358,0.041359231,0.041359231,0.041156632,0.041156632,0.031758794,0.03280519
Occupy-Asia-Africa,0.083333333,0.082491583,0.082491583,0.082491583,0.082491583,0.081650005,0.081650005,0.081650005,0.081650005,0.08080877,0.08080877,0.08080877,0.08080877,0.07996805,0.07996805,0.07996805,0.07996805,0.079128015,0.079128015,0.079128015,0.079128015,0.078288837,0.078288837,0.078288837,0.078288837,0.07751384,0.07751384,0.07751384,0.07751384,0.076738685,0.076738685,0.076738685,0.076738685,0.075963531,0.075963531,0.075963531,0.075963531,0.075188535,0.075188535,0.075188535,0.075188535,0.074413856,0.074413856,0.074413856,0.074413856,0.073639651,0.073639651,0.073639651,0.073639651,0.072866077,0.072866077,0.072866077,0.072866077,0.072093293,0.072093293,0.072093293,0.072093293,0.071321453,0.071321453,0.071321453,0.071321453,0.070550713,0.070550713,0.070550713,0.070550713,0.069781228,0.069781228,0.069781228,0.069781228,0.069013152,0.069013152,0.069013152,0.069013152,0.068246636,0.068246636,0.068246636,0.068246636,0.067481833,0.067481833,0.065648581,0.066392702,0.057166788,0.057166788,0.057166788,0.057166788,0.05833774,0.05833774,0.05833774,0.058543539,0.019118486,0.019497539,0.02038118,0.020434763,0.015980112,0.015719254,0.015719254,0.015719254,0.022991559,0.022320373,0.022320373,0.022594686,0.026825446,0.026445045,0.027543203,0.027543203,0.014515245,0.014515245,0.015979431,0.015979431,0.029195705,0.02781646
Occupy-Europe-South-America-Africa,0.083333333,0.082491583,0.082491583,0.082491583,0.082491583,0.081650005,0.081650005,0.081650005,0.081650005,0.08080877,0.08080877,0.08080877,0.08080877,0.07996805,0.07996805,0.07996805,0.07996805,0.079128015,0.079128015,0.079128015,0.079128015,0.078288837,0.078288837,0.078288837,0.078288837,0.079095753,0.079095753,0.079095753,0.079095753,0.079902834,0.079902834,0.079902834,0.079902834,0.080709915,0.080709915,0.080709915,0.080709915,0.081516831,0.081516831,0.081516831,0.081516831,0.082323417,0.082323417,0.082323417,0.082323417,0.083129509,0.083129509,0.083129509,0.083129509,0.083934943,0.083934943,0.083934943,0.083934943,0.084739557,0.084739557,0.084739557,0.084739557,0.085543186,0.085543186,0.085543186,0.085543186,0.08634567,0.08634567,0.08634567,0.08634567,0.087146848,0.087146848,0.087146848,0.087146848,0.087946559,0.087946559,0.087946559,0.087946559,0.088744645,0.088744645,0.088744645,0.088744645,0.089540949,0.089540949,0.090700148,0.089893664,0.072118387,0.072118387,0.072118387,0.072118387,0.06400787,0.06400787,0.06400787,0.064233671,0.068113276,0.067992796,0.066948089,0.067124097,0.066529539,0.065443518,0.065443518,0.065443518,0.096459939,0.093644013,0.093644013,0.092898986,0.10868942,0.107148141,0.113875079,0.113875079,0.099713138,0.099713138,0.099224691,0.099224691,0.146377685,0.136673354
Occupy-Europe-South-America-Australia,0.083333333,0.084175083,0.084175083,0.084175083,0.084175083,0.085016662,0.085016662,0.085016662,0.085016662,0.085857897,0.085857897,0.085857897,0.085857897,0.086698617,0.086698617,0.086698617,0.086698617,0.087538651,0.087538651,0.087538651,0.087538651,0.08837783,0.08837783,0.08837783,0.08837783,0.089288733,0.089288733,0.089288733,0.089288733,0.090199822,0.090199822,0.090199822,0.090199822,0.09111091,0.09111091,0.09111091,0.09111091,0.092021812,0.092021812,0.092021812,0.092021812,0.092932342,0.092932342,0.092932342,0.092932342,0.093842314,0.093842314,0.093842314,0.093842314,0.094751544,0.094751544,0.094751544,0.094751544,0.095659847,0.095659847,0.095659847,0.095659847,0.09656704,0.09656704,0.09656704,0.09656704,0.097472939,0.097472939,0.097472939,0.097472939,0.098377363,0.098377363,0.098377363,0.098377363,0.099280133,0.099280133,0.099280133,0.099280133,0.100181067,0.100181067,0.100181067,0.100181067,0.101079989,0.101079989,0.102388573,0.101478158,0.124764978,0.124764978,0.124764978,0.124764978,0.138267562,0.138267562,0.138267562,0.138755331,0.180821609,0.180501769,0.177728365,0.178195618,0.180805907,0.181484131,0.181484131,0.181484131,0.1708169,0.172667938,0.172667938,0.1712942,0.163050393,0.164018612,0.160783515,0.160783515,0.164086446,0.164086446,0.163282665,0.163282665,0.125998174,0.130149591
Occupy-Europe-Australia-South-America,0.083333333,0.084175083,0.084175083,0.084175083,0.084175083,0.085016662,0.085016662,0.085016662,0.085016662,0.085857897,0.085857897,0.085857897,0.085857897,0.086698617,0.086698617,0.086698617,0.086698617,0.087538651,0.087538651,0.087538651,0.087538651,0.08837783,0.08837783,0.08837783,0.08837783,0.089288733,0.089288733,0.089288733,0.089288733,0.090199822,0.090199822,0.090199822,0.090199822,0.09111091,0.09111091,0.09111091,0.09111091,0.092021812,0.092021812,0.092021812,0.092021812,0.092932342,0.092932342,0.092932342,0.092932342,0.093842314,0.093842314,0.093842314,0.093842314,0.094751544,0.094751544,0.094751544,0.094751544,0.095659847,0.095659847,0.095659847,0.095659847,0.09656704,0.09656704,0.09656704,0.09656704,0.097472939,0.097472939,0.097472939,0.097472939,0.098377363,0.098377363,0.098377363,0.098377363,0.099280133,0.099280133,0.099280133,0.099280133,0.100181067,0.100181067,0.100181067,0.100181067,0.101079989,0.101079989,0.102388573,0.101478158,0.124764978,0.124764978,0.124764978,0.124764978,0.138267562,0.138267562,0.138267562,0.138755331,0.180821609,0.180501769,0.177728365,0.178195618,0.180805907,0.181484131,0.181484131,0.181484131,0.1708169,0.172667938,0.172667938,0.1712942,0.163050393,0.164018612,0.160783515,0.160783515,0.164086446,0.164086446,0.163282665,0.163282665,0.125998174,0.130149591
Occupy-Europe-Australia-North-America,0.083333333,0.084175083,0.084175083,0.084175083,0.084175083,0.085016662,0.085016662,0.085016662,0.085016662,0.085857897,0.085857897,0.085857897,0.085857897,0.086698617,0.086698617,0.086698617,0.086698617,0.087538651,0.087538651,0.087538651,0.087538651,0.08837783,0.08837783,0.08837783,0.08837783,0.08750296,0.08750296,0.08750296,0.08750296,0.086627912,0.086627912,0.086627912,0.086627912,0.085752865,0.085752865,0.085752865,0.085752865,0.084877996,0.084877996,0.084877996,0.084877996,0.084003485,0.084003485,0.084003485,0.084003485,0.083129509,0.083129509,0.083129509,0.083129509,0.082256246,0.082256246,0.082256246,0.082256246,0.081383873,0.081383873,0.081383873,0.081383873,0.080512567,0.080512567,0.080512567,0.080512567,0.079642503,0.079642503,0.079642503,0.079642503,0.078773856,0.078773856,0.078773856,0.078773856,0.077906799,0.077906799,0.077906799,0.077906799,0.077041503,0.077041503,0.077041503,0.077041503,0.07617814,0.07617814,0.077164344,0.078038995,0.083828663,0.083828663,0.083828663,0.083828663,0.055880144,0.055880144,0.055880144,0.054955729,0.062494489,0.062383947,0.06142542,0.060355172,0.064634521,0.064876972,0.064876972,0.064876972,0.061479736,0.062145954,0.062145954,0.062909717,0.055529619,0.055859363,0.054757595,0.054757595,0.068360667,0.068360667,0.068025801,0.068025801,0.055741743,0.058753402
Occupy-Europe-Australia-Africa,0.083333333,0.084175083,0.084175083,0.084175083,0.084175083,0.085016662,0.085016662,0.085016662,0.085016662,0.085857897,0.085857897,0.085857897,0.085857897,0.086698617,0.086698617,0.086698617,0.086698617,0.087538651,0.087538651,0.087538651,0.087538651,0.08837783,0.08837783,0.08837783,0.08837783,0.08750296,0.08750296,0.08750296,0.08750296,0.086627912,0.086627912,0.086627912,0.086627912,0.085752865,0.085752865,0.085752865,0.085752865,0.084877996,0.084877996,0.084877996,0.084877996,0.084003485,0.084003485,0.084003485,0.084003485,0.083129509,0.083129509,0.083129509,0.083129509,0.082256246,0.082256246,0.082256246,0.082256246,0.081383873,0.081383873,0.081383873,0.081383873,0.080512567,0.080512567,0.080512567,0.080512567,0.079642503,0.079642503,0.079642503,0.079642503,0.078773856,0.078773856,0.078773856,0.078773856,0.077906799,0.077906799,0.077906799,0.077906799,0.077041503,0.077041503,0.077041503,0.077041503,0.07617814,0.07617814,0.077164344,0.078038995,0.101942091,0.101942091,0.101942091,0.101942091,0.07826294,0.07826294,0.07826294,0.078539029,0.095664823,0.095495609,0.094028323,0.094275526,0.098867831,0.097253924,0.097253924,0.097253924,0.142247162,0.138094584,0.138094584,0.139791742,0.150021175,0.147893787,0.144976736,0.144976736,0.15938671,0.15938671,0.158605951,0.158605951,0.240792535,0.229417166
Occupy-North-America-Australia,0.083333333,0.084175083,0.084175083,0.084175083,0.084175083,0.085016662,0.085016662,0.085016662,0.085016662,0.085857897,0.085857897,0.085857897,0.085857897,0.086698617,0.086698617,0.086698617,0.086698617,0.087538651,0.087538651,0.087538651,0.087538651,0.08837783,0.08837783,0.08837783,0.08837783,0.08750296,0.08750296,0.08750296,0.08750296,0.086627912,0.086627912,0.086627912,0.086627912,0.085752865,0.085752865,0.085752865,0.085752865,0.084877996,0.084877996,0.084877996,0.084877996,0.084003485,0.084003485,0.084003485,0.084003485,0.083129509,0.083129509,0.083129509,0.083129509,0.082256246,0.082256246,0.082256246,0.082256246,0.081383873,0.081383873,0.081383873,0.081383873,0.080512567,0.080512567,0.080512567,0.080512567,0.079642503,0.079642503,0.079642503,0.079642503,0.078773856,0.078773856,0.078773856,0.078773856,0.077906799,0.077906799,0.077906799,0.077906799,0.077041503,0.077041503,0.077041503,0.077041503,0.07617814,0.07617814,0.077164344,0.078038995,0.067386838,0.067386838,0.067386838,0.067386838,0.051734195,0.051734195,0.051734195,0.050878366,0.019438026,0.019823415,0.019917172,0.019570144,0.016547347,0.016609418,0.016609418,0.016609418,0.018364047,0.018563047,0.018563047,0.018791184,0.016946711,0.017047343,0.016711102,0.016711102,0.01105426,0.01105426,0.012169329,0.012169329,0.012229743,0.012890502
Occupy-Asia-South-America,0.083333333,0.082491583,0.082491583,0.082491583,0.082491583,0.081650005,0.081650005,0.081650005,0.081650005,0.08080877,0.08080877,0.08080877,0.08080877,0.07996805,0.07996805,0.07996805,0.07996805,0.079128015,0.079128015,0.079128015,0.079128015,0.078288837,0.078288837,0.078288837,0.078288837,0.079095753,0.079095753,0.079095753,0.079095753,0.079902834,0.079902834,0.079902834,0.079902834,0.080709915,0.080709915,0.080709915,0.080709915,0.081516831,0.081516831,0.081516831,0.081516831,0.082323417,0.082323417,0.082323417,0.082323417,0.083129509,0.083129509,0.083129509,0.083129509,0.083934943,0.083934943,0.083934943,0.083934943,0.084739557,0.084739557,0.084739557,0.084739557,0.085543186,0.085543186,0.085543186,0.085543186,0.08634567,0.08634567,0.08634567,0.08634567,0.087146848,0.087146848,0.087146848,0.087146848,0.087946559,0.087946559,0.087946559,0.087946559,0.088744645,0.088744645,0.088744645,0.088744645,0.089540949,0.089540949,0.087108426,0.086333878,0.069965341,0.069965341,0.069965341,0.069965341,0.10242731,0.10242731,0.10242731,0.102788644,0.036709188,0.037437003,0.039133673,0.039236556,0.029846047,0.029958002,0.029958002,0.029958002,0.028197138,0.028502693,0.028502693,0.028275927,0.02977595,0.029952764,0.031196584,0.031196584,0.015085401,0.015085401,0.016607101,0.016607101,0.015927393,0.016452173
Occupy-Europe-South-America-Asia,0.083333333,0.082491583,0.082491583,0.082491583,0.082491583,0.081650005,0.081650005,0.081650005,0.081650005,0.08080877,0.08080877,0.08080877,0.08080877,0.07996805,0.07996805,0.07996805,0.07996805,0.079128015,0.079128015,0.079128015,0.079128015,0.078288837,0.078288837,0.078288837,0.078288837,0.079095753,0.079095753,0.079095753,0.079095753,0.079902834,0.079902834,0.079902834,0.079902834,0.080709915,0.080709915,0.080709915,0.080709915,0.081516831,0.081516831,0.081516831,0.081516831,0.082323417,0.082323417,0.082323417,0.082323417,0.083129509,0.083129509,0.083129509,0.083129509,0.083934943,0.083934943,0.083934943,0.083934943,0.084739557,0.084739557,0.084739557,0.084739557,0.085543186,0.085543186,0.085543186,0.085543186,0.08634567,0.08634567,0.08634567,0.08634567,0.087146848,0.087146848,0.087146848,0.087146848,0.087946559,0.087946559,0.087946559,0.087946559,0.088744645,0.088744645,0.088744645,0.088744645,0.089540949,0.089540949,0.087108426,0.086333878,0.08471677,0.08471677,0.08471677,0.08471677,0.112311142,0.112311142,0.112311142,0.112707344,0.12175998,0.121544609,0.124512029,0.124839375,0.122447742,0.122907057,0.122907057,0.122907057,0.097590327,0.098647854,0.098647854,0.097863016,0.099987654,0.100581397,0.104758145,0.104758145,0.099102251,0.099102251,0.098616797,0.098616797,0.076098319,0.078605624
Occupy-North-America-Africa,0.083333333,0.082491583,0.082491583,0.082491583,0.082491583,0.081650005,0.081650005,0.081650005,0.081650005,0.08080877,0.08080877,0.08080877,0.08080877,0.07996805,0.07996805,0.07996805,0.07996805,0.079128015,0.079128015,0.079128015,0.079128015,0.078288837,0.078288837,0.078288837,0.078288837,0.07751384,0.07751384,0.07751384,0.07751384,0.076738685,0.076738685,0.076738685,0.076738685,0.075963531,0.075963531,0.075963531,0.075963531,0.075188535,0.075188535,0.075188535,0.075188535,0.074413856,0.074413856,0.074413856,0.074413856,0.073639651,0.073639651,0.073639651,0.073639651,0.072866077,0.072866077,0.072866077,0.072866077,0.072093293,0.072093293,0.072093293,0.072093293,0.071321453,0.071321453,0.071321453,0.071321453,0.070550713,0.070550713,0.070550713,0.070550713,0.069781228,0.069781228,0.069781228,0.069781228,0.069013152,0.069013152,0.069013152,0.069013152,0.068246636,0.068246636,0.068246636,0.068246636,0.067481833,0.067481833,0.068355454,0.069130258,0.038420857,0.038420857,0.038420857,0.038420857,0.02315061,0.02315061,0.02315061,0.022767634,0.006641702,0.006773384,0.00680542,0.006686845,0.005477432,0.005388019,0.005388019,0.005388019,0.009014271,0.008751121,0.008751121,0.00885867,0.009619572,0.009483161,0.010078529,0.010078529,0.005657665,0.005657665,0.006228367,0.006228367,0.011379726,0.010842132
